id,title,date,day,start_time,end_time,start_iso,end_iso,timezone,location,track,types,guests,status,description,detail_url
107300,Registration,"September 3, 2026",Thu,7:30 PM,10:00 PM,2026-09-03T19:30:00,2026-09-03T22:00:00,America/New_York,Nationwide,Registration,,,active,,https://www.eventeny.com/events/schedule/?id=23176&session=107300
107340,Fabula Ultima: Corpo Approved (Fabula Ultima),"September 3, 2026",Thu,8:00 PM,1:00 AM,2026-09-03T20:00:00,2026-09-04T01:00:00,America/New_York,Morrow,RPG,Gaming,,active,,https://www.eventeny.com/events/schedule/?id=23176&session=107340
107341,Matsuri’s Cracker Barrel Has Fallen (Cracker Barrel Has Fallen),"September 3, 2026",Thu,8:00 PM,12:00 AM,2026-09-03T20:00:00,2026-09-04T00:00:00,America/New_York,Morrow,RPG,Gaming,,active,,https://www.eventeny.com/events/schedule/?id=23176&session=107341
107339,Miniature Paint and Take,"September 3, 2026",Thu,8:00 PM,12:00 AM,2026-09-03T20:00:00,2026-09-04T00:00:00,America/New_York,Morrow,RPG,Workshop; Gaming,,active,,https://www.eventeny.com/events/schedule/?id=23176&session=107339
107023,Entering the World of Shoujo,"September 3, 2026",Thu,9:00 PM,10:00 PM,2026-09-03T21:00:00,2026-09-03T22:00:00,America/New_York,A114-115,Panel 3,,,active,"Shoujo manga and anime are often overlooked as flowery or lacking in substance, but that couldn’t be further from the truth. This deep dive into the demographic will explain what it is,the common tropes & themes, as well as what's out there to explore.",https://www.eventeny.com/events/schedule/?id=23176&session=107023
107026,Guess That OST,"September 3, 2026",Thu,9:00 PM,10:00 PM,2026-09-03T21:00:00,2026-09-03T22:00:00,America/New_York,A120-122,Panels 4,,,active,"You've guessed opening and ending songs plenty of times before... Now can you guess that OST? Participants will listen to iconic anime soundtracks and race to be the first to identify which series they’re from. From nostalgic classics to modern hits, every round will challenge your memory and speed!",https://www.eventeny.com/events/schedule/?id=23176&session=107026
107028,Cosplay 201: Level up your making!,"September 3, 2026",Thu,9:00 PM,10:00 PM,2026-09-03T21:00:00,2026-09-03T22:00:00,America/New_York,A123-124,Panels 5,,,active,"We often talk about how to start cosplaying, and many talks and workshops focus on deep-dive advanced topic. But how do you get from one phase to the other; how do you level up your making? Let's talk about how to take your making from beginner to intermediate! Tips include those related to craftsmanship, competition, social media, photography, and more.",https://www.eventeny.com/events/schedule/?id=23176&session=107028
107225,Crokinole Learn to Play,"September 3, 2026",Thu,9:00 PM,11:00 PM,2026-09-03T21:00:00,2026-09-03T23:00:00,America/New_York,Taft C/D,Tabletop Gaming,Gaming; Learn to Play,,active,,https://www.eventeny.com/events/schedule/?id=23176&session=107225
107228,Free to Play,"September 3, 2026",Thu,9:00 PM,12:00 AM,2026-09-03T21:00:00,2026-09-04T00:00:00,America/New_York,Taft C/D,Tabletop Gaming,Gaming; Free to Play,,active,,https://www.eventeny.com/events/schedule/?id=23176&session=107228
107604,Free to Play,"September 3, 2026",Thu,9:00 PM,12:00 AM,2026-09-03T21:00:00,2026-09-04T00:00:00,America/New_York,Windows,CCG,Gaming; Free to Play,,active,,https://www.eventeny.com/events/schedule/?id=23176&session=107604
108112,Pre-Con Pajama Party,"September 3, 2026",Thu,9:00 PM,12:00 AM,2026-09-03T21:00:00,2026-09-04T00:00:00,America/New_York,Windows,CCG,Event; Meetup; Interactive,,active,"Come join us Thursday evening in your coziest or nerdiest pajamas for a pre-con party with the collectible card games team! Chill music, badge ribbon trades, coloring pages, a small charity raffle, and lots of fun card games to play or even try something new.",https://www.eventeny.com/events/schedule/?id=23176&session=108112
107032,18+ Karaoke,"September 3, 2026",Thu,9:30 PM,12:00 AM,2026-09-03T21:30:00,2026-09-04T00:00:00,America/New_York,A110-113,Panels 2,18+,,active,,https://www.eventeny.com/events/schedule/?id=23176&session=107032
107226,Chocobo's Crystal Hunt Learn to Play,"September 3, 2026",Thu,10:00 PM,12:00 AM,2026-09-03T22:00:00,2026-09-04T00:00:00,America/New_York,Taft C/D,Tabletop Gaming,Gaming; Learn to Play,,active,,https://www.eventeny.com/events/schedule/?id=23176&session=107226
107227,Star Fluxx Learn to Play,"September 3, 2026",Thu,10:00 PM,12:00 AM,2026-09-03T22:00:00,2026-09-04T00:00:00,America/New_York,Taft C/D,Tabletop Gaming,Gaming; Learn to Play,,active,,https://www.eventeny.com/events/schedule/?id=23176&session=107227
107025,A Ghost in Gotham: Danny Phantom x DC crossover fanfiction,"September 3, 2026",Thu,10:15 PM,11:00 PM,2026-09-03T22:15:00,2026-09-03T23:00:00,America/New_York,A114-115,Panel 3,,,active,"Bats, Birds, and - Ghosts?! Are you ready to learn about the best crossover you’ve never heard of? Join the discussion of common themes, tropes, and ships presented by someone who has allowed this crossover to take over their (after)life, and maybe convince you too!",https://www.eventeny.com/events/schedule/?id=23176&session=107025
107027,Down Memory Lane: Naruto,"September 3, 2026",Thu,10:15 PM,11:15 PM,2026-09-03T22:15:00,2026-09-03T23:15:00,America/New_York,A120-122,Panels 4,,,active,"Do you feel like an activated sleeper agent when you hear any song from FLOW? Do you remember jokes like ""Tobi is a good boy""? If so, I think it’s time to take a trip down memory lane with us for the beloved anime Naruto! Here, we’ll reminisce about everything surrounding the show, its history, and its best (and worst) fandom moments.",https://www.eventeny.com/events/schedule/?id=23176&session=107027
107029,Tmnt- the history of The Teenage mutant ninja turtles,"September 3, 2026",Thu,10:15 PM,11:15 PM,2026-09-03T22:15:00,2026-09-03T23:15:00,America/New_York,A123-124,Panels 5,,,active,"Are you a fan of Teenage mutant ninja turtles? Do you know its history? How did it come to be? Do you know all of the shows, movies and comics? Whether you're a fan of the movies, shoes, video games or comics we are going to take a deep dive into all things TMNT!!!",https://www.eventeny.com/events/schedule/?id=23176&session=107029
107117,"Ballroom Gala Crash Course: Cha-Cha, Rumba, East Coast Swing","September 4, 2026",Fri,9:00 AM,10:00 AM,2026-09-04T09:00:00,2026-09-04T10:00:00,America/New_York,Fairfield,Workshop,Interactive,,active,"Cha-Cha, Rumba, and Swing will help YOU be the star at ball. This 60 minute panel is designed for people who want to try ballroom for the first time or who need a refresher in preparation for the Formal Ballroom Gala! This panel will cover basic patterns in the main spot dances, etiquette, and some lead/follow tips. No Partner required.",https://www.eventeny.com/events/schedule/?id=23176&session=107117
107301,Registration,"September 4, 2026",Fri,9:00 AM,9:00 PM,2026-09-04T09:00:00,2026-09-04T21:00:00,America/New_York,Nationwide,Registration,,,active,,https://www.eventeny.com/events/schedule/?id=23176&session=107301
107118,"Ballroom Gala Crash Course: Waltz, Tango, Foxtrot","September 4, 2026",Fri,10:00 AM,11:00 AM,2026-09-04T10:00:00,2026-09-04T11:00:00,America/New_York,Fairfield,Workshop,Interactive,,active,"Waltz, Tango, and Foxtrot are the stars of this panel! This 60 minute panel is designed for people who want to try ballroom for the first time or who need a refresher in preparation for the Formal Ballroom Gala! This panel will cover basic patterns in the main traveling dances, etiquette, and some lead/follow tips. No Partner required.",https://www.eventeny.com/events/schedule/?id=23176&session=107118
107322,Adventure Room,"September 4, 2026",Fri,10:00 AM,3:00 PM,2026-09-04T10:00:00,2026-09-04T15:00:00,America/New_York,Garfield,Escape Room,Interactive,,active,"Step into a living fantasy world where your choices, abilities, and teamwork shape the story. In ARC Fantasy, you create a character with unique powers that determine how you explore, solve puzzles, and uncover secrets."" Smartphones are used to access character abilities. Each game last one hour per group and is free to badge holders. Sign up using the link below or sign up by scanning the QR code at Garfield. Link to sign up page: https://ti.to/experimental-gamer/arcfantasy-matusircon-2026 Note: Not ready to book? Visit the FREE Tavern located in Garfield to try it out first.",https://www.eventeny.com/events/schedule/?id=23176&session=107322
107327,Manga Lounge,"September 4, 2026",Fri,10:00 AM,6:00 PM,2026-09-04T10:00:00,2026-09-04T18:00:00,America/New_York,Madison,Manga Lounge,Interactive,,active,"With more than 4,000 titles, a massive selection of figures and statues, and even more to discover, Otaku Manga Lounge is a destination for anime and manga fans. Stop by the Manga Library to read from more than 1,000 titles, then check them out in the Exhibitor Hall.nBrowse a shelf. Open a volume. Find the series you cannot put down.nnWhether you are shopping, collecting, or settling in to read, there is plenty to explore.",https://www.eventeny.com/events/schedule/?id=23176&session=107327
107270,RPG Paint-and-Take,"September 4, 2026",Fri,10:00 AM,10:00 PM,2026-09-04T10:00:00,2026-09-04T22:00:00,America/New_York,Morrow,RPG,,,active,"Choose a resin-printed miniature, learn alongside our paint tutors, and leave with a finished hero ready for your next campaign.",https://www.eventeny.com/events/schedule/?id=23176&session=107270
107333,Matsuri Ink,"September 4, 2026",Fri,10:00 AM,12:00 AM,2026-09-04T10:00:00,2026-09-05T00:00:00,America/New_York,Ohio Board Room,Matsuri Ink,Interactive,,active,"Whether you are a tattoo enthusiast or simply curious about the artistry, Matsuri Ink is your chance to explore remarkable designs, meet talented artists, and find inspiration for your own creative journey.nOriginal art meets personal expression.nnMatsuricon has partnered with the artists of Ohayo Tattoo to bring a collection of one-of-a-kind styles to the convention.",https://www.eventeny.com/events/schedule/?id=23176&session=107333
107247,Opening Ceremonies,"September 4, 2026",Fri,10:00 AM,11:00 AM,2026-09-04T10:00:00,2026-09-04T11:00:00,America/New_York,Union Ballroom,Main Events 1,Event,,active,"Grab your best tech gear and your brightest neon, we welcome you to join us as we discuss about all the fun and exciting things we have in store for the attendees for 2026!",https://www.eventeny.com/events/schedule/?id=23176&session=107247
107634,One Piece Learn To Play,"September 4, 2026",Fri,10:00 AM,12:00 PM,2026-09-04T10:00:00,2026-09-04T12:00:00,America/New_York,Windows,CCG,Gaming; Learn to Play,,active,,https://www.eventeny.com/events/schedule/?id=23176&session=107634
107039,"""Planning a Themed Event on a Budget""Planning a Themed Event on a Budget","September 4, 2026",Fri,10:45 AM,11:45 AM,2026-09-04T10:45:00,2026-09-04T11:45:00,America/New_York,A114-115,Panels 3,,,active,This panel is designed to help anyone navigate planning a party of any size. We will divulge tips and tricks on how to save money and still capture whatever theme you want for your event. Learn how to plan for anything from holiday parties to weddings!,https://www.eventeny.com/events/schedule/?id=23176&session=107039
107140,KPOP Random Dance Play! Hosted by ECLIPSE,"September 4, 2026",Fri,10:45 AM,11:45 AM,2026-09-04T10:45:00,2026-09-04T11:45:00,America/New_York,McKinley,Movement Room,,,active,"So us your best moves at our KPOP Random Dance Play Panel! Our RDP has a MULTITUDE of different songs, artists, and KPOP generations for everyone to enjoy! All KPOP fans are invited to participate!",https://www.eventeny.com/events/schedule/?id=23176&session=107140
107066,What to Expect in a Cosplay Competition!,"September 4, 2026",Fri,11:00 AM,12:00 PM,2026-09-04T11:00:00,2026-09-04T12:00:00,America/New_York,A120-122,Panels 4,,,active,Do you have questions about how the Cosplay Masquerade works? Are you nervous about Judging or what to expect at the line up? Come speak with our judges and discuss the ins and outs of cosplay competitions!,https://www.eventeny.com/events/schedule/?id=23176&session=107066
107093,Lair games - a ROTTMNT panel,"September 4, 2026",Fri,11:00 AM,12:00 PM,2026-09-04T11:00:00,2026-09-04T12:00:00,America/New_York,A123-124,Panels 5,,,active,Are you a fan of rise of the teenage mutant ninja turtles? Do you have what it takes to compete in the Lair Games? Prove you have what it takes to beat our favorite band of turtle ninjas.,https://www.eventeny.com/events/schedule/?id=23176&session=107093
107313,Go Room,"September 4, 2026",Fri,11:00 AM,5:00 PM,2026-09-04T11:00:00,2026-09-04T17:00:00,America/New_York,A125,Go Room,Interactive,,active,Come Play GO!!nGo is an ancient two-player abstract strategy board game where the main goal is to control more territory than your opponent by placing stones on a grid.,https://www.eventeny.com/events/schedule/?id=23176&session=107313
107240,"Drawing Anime Food: Color, Light & Texture","September 4, 2026",Fri,11:00 AM,12:00 PM,2026-09-04T11:00:00,2026-09-04T12:00:00,America/New_York,Delaware,Panels 1,Partner Panel,,active,"Ever wonder why anime food looks so good? Learn the basics of illustrating your favorite dishes digitally, from simple shapes and textures to color, lighting, and those tiny details that make food come alive.",https://www.eventeny.com/events/schedule/?id=23176&session=107240
107330,Photo Arena,"September 4, 2026",Fri,11:00 AM,6:00 PM,2026-09-04T11:00:00,2026-09-04T18:00:00,America/New_York,Eisenman,Photo Arena,Interactive,,active,,https://www.eventeny.com/events/schedule/?id=23176&session=107330
107304,Exhibit Hall,"September 4, 2026",Fri,11:00 AM,6:00 PM,2026-09-04T11:00:00,2026-09-04T18:00:00,America/New_York,Exhibit Hall,Exhibit Hall,,,active,,https://www.eventeny.com/events/schedule/?id=23176&session=107304
107119,Line Dance for Nerds,"September 4, 2026",Fri,11:00 AM,12:00 PM,2026-09-04T11:00:00,2026-09-04T12:00:00,America/New_York,Fairfield,Workshop,Interactive,,active,Try some fun and nerdy line dances! Take these line dances to do at home or to a party with friends. No partner needed. Want more opportunity to dance the songs from class? Come to the Friday night Formal Gala!,https://www.eventeny.com/events/schedule/?id=23176&session=107119
107272,Monster Hunter: Crimson Wings,"September 4, 2026",Fri,11:00 AM,3:00 PM,2026-09-04T11:00:00,2026-09-04T15:00:00,America/New_York,Morrow,RPG,,,active,": Prepare with your team for your high rank promotion exam, against the mighty Rathalos.",https://www.eventeny.com/events/schedule/?id=23176&session=107272
107271,Neon Odyssey: Where You'll Find Me (D&D 5e: Neon Odyssey),"September 4, 2026",Fri,11:00 AM,3:00 PM,2026-09-04T11:00:00,2026-09-04T15:00:00,America/New_York,Morrow,RPG,,,active,Join me on this Neon Odyssey as we run around with some of the playtest material for Legedend's Of Avantris' latest upcoming set of books!,https://www.eventeny.com/events/schedule/?id=23176&session=107271
107154,The Pokemon Gameshow!,"September 4, 2026",Fri,11:00 AM,12:30 PM,2026-09-04T11:00:00,2026-09-04T12:30:00,America/New_York,Regency Ballroom,Main Events 2,,,active,"Welcome to the pokemon gameshow where contestants will test their pokemon knowledge! They will have to guess pokemon names, types, gym leaders, rivals, and maybe even regions plus tons more. If a contestant wins they will get fabulous prizes even a pokemon plushie. So join an elite four member and their fabulous pokemon assistant to test your pokemon knowledge and be the best their ever was in the pokemon game show!",https://www.eventeny.com/events/schedule/?id=23176&session=107154
107317,Convention Foam Fighting (CFF),"September 4, 2026",Fri,11:00 AM,3:00 PM,2026-09-04T11:00:00,2026-09-04T15:00:00,America/New_York,Taft A/B,CFF,Interactive,,active,"Step into a live fantasy battle where foam weapons, fast-moving action, and beginner-friendly coaching turn every attendee into part of the adventure.nConvention Foam Fighting is a live-action entertainment group that combines the excitement of fantasy combat with accessible, safety-minded gameplay.nParticipants play at no additional cost beyond their convention badge, and every piece of equipment is provided so newcomers can step straight into the action.nnEntertainers and coaches keep the experience welcoming, energetic, and easy to learn while building a community around the shared thrill of an unforgettable battle.",https://www.eventeny.com/events/schedule/?id=23176&session=107317
107364,Mahjong,"September 4, 2026",Fri,11:00 AM,12:00 AM,2026-09-04T11:00:00,2026-09-05T00:00:00,America/New_York,Taft C/D,Tabletop Gaming,Gaming; Learn to Play,,active,,https://www.eventeny.com/events/schedule/?id=23176&session=107364
107354,Tales of the Red Dragon Inn Learn to Play,"September 4, 2026",Fri,11:00 AM,2:00 PM,2026-09-04T11:00:00,2026-09-04T14:00:00,America/New_York,Taft C/D,Tabletop Gaming,Gaming; Learn to Play,,active,"Put down your flagons and strap on your swords, it’s time to delve through some dungeons in Tales from the Red Dragon Inn! In Tales you will take on the role of one of the famous characters from The Red Dragon Inn series of games as they tackle their day job of being big damn heroes. The multi-scenario campaign pits the players against game-controlled enemies tailor-made for each illustrated fold-out game map. Each scenario will take you to a new map, with new foes and even a few tricky puzzles to solve. You'll need to work together with the other players by equipping hero and item cards to support your allies who have their own unique abilities and roles. 1-4 players",https://www.eventeny.com/events/schedule/?id=23176&session=107354
107626,Beyblade Plastic Generation Tournament MTG Modern Tournament,"September 4, 2026",Fri,11:00 AM,1:00 PM,2026-09-04T11:00:00,2026-09-04T13:00:00,America/New_York,Windows,CCG,Gaming; Tournament,,active,,https://www.eventeny.com/events/schedule/?id=23176&session=107626
107631,Pokemon Standard Tournament,"September 4, 2026",Fri,11:00 AM,12:00 PM,2026-09-04T11:00:00,2026-09-04T12:00:00,America/New_York,Windows,CCG,Gaming; Tournament,,active,,https://www.eventeny.com/events/schedule/?id=23176&session=107631
106998,Ribbons 101,"September 4, 2026",Fri,11:15 AM,12:15 PM,2026-09-04T11:15:00,2026-09-04T12:15:00,America/New_York,A110-113,Panels 2,,,active,"Have you wondered about the ribbons you see at Matsuricon? Do you want to join in on passing out ribbons but don't know where to start? Join us as we talk about Ribbon Collecting At Matsuricon. From how you can get ribbons over the weekend, to how to join in the large group order, to how to plan for ribbons at next year's Matsuricon, we'll answer all your questions. Whether you're just starting out in collecting ribbons, or you're a seasoned ribbon dealer, come join your fellow ribbon enthusiasts as we share in our love of ribbons. And of course...there's always a ribbon to earn for attending.",https://www.eventeny.com/events/schedule/?id=23176&session=106998
107248,Anime Elevator Pitch with Sungwon Cho,"September 4, 2026",Fri,11:30 AM,12:30 PM,2026-09-04T11:30:00,2026-09-04T12:30:00,America/New_York,Union Ballroom,Main Events 1,Guest Panel,,active,"Think your favorite anime deserves a spot on SungWon’s watchlist? You’ve got just 60 seconds to convince him why. In this fun and fast-paced panel, attendees will take turns pitching their most beloved series – no pressure! Make him laugh, surprise him, pull at his heartstrings, or just bring the hype. Will you make a strong enough case to win his interest? Come prepared, come passionate, and let the anime showdown begin!",https://www.eventeny.com/events/schedule/?id=23176&session=107248
108573,Oops! I'm a Soda Influencer!?,"September 4, 2026",Fri,12:00 PM,1:00 PM,2026-09-04T12:00:00,2026-09-04T13:00:00,America/New_York,A114-115,Panels 3,,,active,"Come see food and beverage writer Griffin Parker explain how he tricked over 100,000 people into trusting him as a journalist. Let's all watch a man who's lost control of his life make jokes about beverages while he clicks through a Powerpoint. Planned topics of conversation may include brief discussion of bodily functions, alcohol, and a little fruity language.",https://www.eventeny.com/events/schedule/?id=23176&session=108573
107310,Cosplay Repair,"September 4, 2026",Fri,12:00 PM,6:00 PM,2026-09-04T12:00:00,2026-09-04T18:00:00,America/New_York,Grant & Harding,Cosplay Repair,,,active,"A snapped strap or loose seam does not have to end your con day. Our volunteer makers have the tools, supplies, and know-how to help with light costume repairs.nnWith ample supplies and plenty of know-how, the Matsuricon Cosplay Repair Room has just about everything attendees need to touch up or mend a cosplay. Our staff can answer questions, offer solutions, and help find the right tools for the repair.",https://www.eventeny.com/events/schedule/?id=23176&session=107310
107387,Tokusatsu Photoshoot,"September 4, 2026",Fri,12:00 PM,1:00 PM,2026-09-04T12:00:00,2026-09-04T13:00:00,America/New_York,Harrison,Photoshoots,Meetup; Interactive,,active,Come in your best look and snap some pics with fellow fans!,https://www.eventeny.com/events/schedule/?id=23176&session=107387
107615,Giant Kerplunk,"September 4, 2026",Fri,12:00 PM,1:00 PM,2026-09-04T12:00:00,2026-09-04T13:00:00,America/New_York,McKinley,Movement Room,Interactive,,active,"Come have fun playing Giant Kerplunk!—an oversized twist on the classic family game everyone loves! KerPlunk is a fast-paced game of suspense and strategy that players of all ages can enjoy. Take turns carefully removing sticks from the tube without making any of the balls fall- The person who collects the least amount of fallen balls, wins! All attendees who participate will receive a movement room ribbon and a Matsuricon button!",https://www.eventeny.com/events/schedule/?id=23176&session=107615
107293,Gotham by Neon Lights,"September 4, 2026",Fri,12:00 PM,4:00 PM,2026-09-04T12:00:00,2026-09-04T16:00:00,America/New_York,Morrow,RPG,,,active,"Batman has gone missing! Play as your favorite member of the batfamily in a Cyberpunk Gotham. Will you be able to find and restore The Dark Knight? Do you even want to? Perhaps this version of Gotham deserves something different, someone....like you?!nGM: BradnRule System: Sentinels Comics Roleplaying Game nDuration: 4 hours",https://www.eventeny.com/events/schedule/?id=23176&session=107293
107337,How to Not Suck at Storytelling,"September 4, 2026",Fri,12:00 PM,1:00 PM,2026-09-04T12:00:00,2026-09-04T13:00:00,America/New_York,Morrow,STF,Gaming,,active,,https://www.eventeny.com/events/schedule/?id=23176&session=107337
107292,Learn to Play: Vampire the Masquerade,"September 4, 2026",Fri,12:00 PM,5:00 PM,2026-09-04T12:00:00,2026-09-04T17:00:00,America/New_York,Morrow,RPG,,,active,"Have you ever wanted to know what goes bump in the night? Have you watched LA by Night? Are you just into vampires?nnCome discover all that and more as you learn to play Vampire the Masquerade 5e.nnThis session will include the basics of character creation, and a mini one shot of what it means to be a vampire within these modern nights. nGM: TaliesinnRule System: Vampire the Masquerade 5th editionnDuration: 5 hours",https://www.eventeny.com/events/schedule/?id=23176&session=107292
107358,Immediate Murder Professionals: Helluva Boss Board Game Learn to Play,"September 4, 2026",Fri,12:00 PM,3:00 PM,2026-09-04T12:00:00,2026-09-04T15:00:00,America/New_York,Taft C/D,Tabletop Gaming,Gaming; Learn to Play,,active,"You’re part of I.M.P. - The Immediate Murder Professionals. Compete with rivals to snatch the juiciest souls while chaos from the Hellaverse crashes in. Your Asmodean crystal lets you reach into the mortal realm, but the portal is fickle, twisted by spells, sabotage, and nasty IMP-terruptions from your rivals. When five summon cards hit, the portal slams shut, and everyone is sucked back to hell. Only one killer comes out on top. Will it be you? - 2-4 players",https://www.eventeny.com/events/schedule/?id=23176&session=107358
107629,Flesh and Blood Learn to Play,"September 4, 2026",Fri,12:00 PM,2:00 PM,2026-09-04T12:00:00,2026-09-04T14:00:00,America/New_York,Windows,CCG,Gaming; Learn to Play,,active,,https://www.eventeny.com/events/schedule/?id=23176&session=107629
107067,Video Games 80's & 90s,"September 4, 2026",Fri,12:15 PM,1:45 PM,2026-09-04T12:15:00,2026-09-04T13:45:00,America/New_York,A120-122,Panels 4,Guest Panel,,active,"From Donkey Kong to Double Dragon, we’ll show off the best and worst Saturday morning cartoons based on video games from the 80s, 90s and beyond. Insert coin and press start!",https://www.eventeny.com/events/schedule/?id=23176&session=107067
107108,It’s Morphin Time! Adapting Super Sentai to the Western Audience,"September 4, 2026",Fri,12:15 PM,1:45 PM,2026-09-04T12:15:00,2026-09-04T13:45:00,America/New_York,A123-124,Panels 5,,,active,"Super Sentai has grown from a household drama superhero series, into the action-packed western heroes known as Power Rangers! Join us as we look back at the creators of Super Sentai’s origins, the early versions of the Sentai, and how it was adapted into Power Rangers and beyond for the Western Audience.",https://www.eventeny.com/events/schedule/?id=23176&session=107108
107241,Take me out to the Bōru Game! What’s the Deal with Baseball Manga?,"September 4, 2026",Fri,12:15 PM,1:15 PM,2026-09-04T12:15:00,2026-09-04T13:15:00,America/New_York,Delaware,Panels 1,Partner Panel,,active,"Why is baseball manga so popular in Japan? Where did it come from? Why is there so little of it translated into English? Why aren’t there more comics about baseball in the U.S.? What does baseball manga have to do with battle shonen, named special attacks, and lots of other now-staples of contemporary manga and anime? Cartoonist/baseball fan Ben Towle answers all (or at least tries to!) in this talk about the origins, history, and influence of baseball manga.",https://www.eventeny.com/events/schedule/?id=23176&session=107241
107096,Fandom Etiquette 101: Let's Learn Manners Together!,"September 4, 2026",Fri,12:30 PM,1:30 PM,2026-09-04T12:30:00,2026-09-04T13:30:00,America/New_York,A110-113,Panels 2,,,active,"""Let's face it: we all have heard the complaints about fandoms """"dying"""" and people """"ruining"""" fandom spaces because they are breaking all the rules of fandom etiquette. But what *are* these so-called rules and why should we even bother to follow them in the first place? Join us as we write up a basic guidebook for how to behave appropriately and respectfully in fandom spaces so we can spend less time fighting about our favorite medias and more time actually enjoying them.""",https://www.eventeny.com/events/schedule/?id=23176&session=107096
107249,Crossing Worlds: A Hoyoverse Voice Cast Panel,"September 4, 2026",Fri,12:45 PM,2:15 PM,2026-09-04T12:45:00,2026-09-04T14:15:00,America/New_York,Union Ballroom,Main Events 1,Guest Panel,,active,"No matter where your journey began, through Teyvat, aboard the Astral Express, or on the streets of New Eridu, this panel is your next destination! Join Amber Lee Connors, Brittany Lauda, Bryson Baugus, Daman Mills, Griffin Puatu, Kira Buckland, Melissa Fahn, and Ricco Fajardo for an adventure across the HoYoverse. Go behind the mic as the cast shares stories from the recording booth, reflects on bringing fan-favorite characters to life, and talks about the unique challenges of voicing heroes, villains, and everything in between. From unforgettable moments to unexpected laughs, this panel is packed with behind-the-scenes insights, audience Q&A, and plenty of HoYoverse fun. Whether you're spending your days farming artifacts, chasing the perfect relics, or taking on the latest Hollow, there's something here for every Traveler, Trailblazer, and Proxy.",https://www.eventeny.com/events/schedule/?id=23176&session=107249
107605,Badge Ribbon Meetup,"September 4, 2026",Fri,1:00 PM,2:00 PM,2026-09-04T13:00:00,2026-09-04T14:00:00,America/New_York,Harrison,Photoshoots,Meetup; Interactive,,active,Come in your best look and snap some pics with fellow fans!,https://www.eventeny.com/events/schedule/?id=23176&session=107605
107636,Miniature Painting,"September 4, 2026",Fri,1:00 PM,2:00 PM,2026-09-04T13:00:00,2026-09-04T14:00:00,America/New_York,Marion,Maid to Be,Gaming; Interactive,,active,,https://www.eventeny.com/events/schedule/?id=23176&session=107636
107616,Free Play,"September 4, 2026",Fri,1:00 PM,2:00 PM,2026-09-04T13:00:00,2026-09-04T14:00:00,America/New_York,McKinley,Movement Room,Interactive,,active,"Visit the Movement Room during Free Play hours to enjoy access (with badge) to several classical games.. But in giant form! We have Giant Jenga, Giant Connect 4, Giant Yahtzee, Giant Sorry, Giant Uno and more! We are confident that there will be something fun for everyone here in the Movement Room, so stop on by!",https://www.eventeny.com/events/schedule/?id=23176&session=107616
107294,Humblewood IN SPAAAAACE! - Bad Tides,"September 4, 2026",Fri,1:00 PM,5:00 PM,2026-09-04T13:00:00,2026-09-04T17:00:00,America/New_York,Morrow,RPG,,,active,"Description: Terraforming can be hard, even for nature’s finest engineers. The timberfolk of a newly established colony have sent out a distress signal. It warns of bad tides and unexplained phenomena. Can the other humblefolk solve the mystery and save the colony?nGM: AngelanRule System: D&D 5e HumblewoodnDuration: 4 hours",https://www.eventeny.com/events/schedule/?id=23176&session=107294
107338,The Black Ballad (D&D 5e 2024),"September 4, 2026",Fri,1:00 PM,4:30 PM,2026-09-04T13:00:00,2026-09-04T16:30:00,America/New_York,Morrow,STF,Gaming,,active,,https://www.eventeny.com/events/schedule/?id=23176&session=107338
107236,From Battlefield to Budo: The Art of Naginata,"September 4, 2026",Fri,1:00 PM,2:00 PM,2026-09-04T13:00:00,2026-09-04T14:00:00,America/New_York,Regency Ballroom,Main Events 2,Partner Panel,,active,"Discover your new favorite martial art with the Columbus Naginata Club. Learn how this traditional polearm evolved from battlefield weapon to feminine icon to modern budo, then watch practitioners showcase elegant kata, dynamic sparring (shiai), and the techniques, strategy, and spirit that make naginata a unique martial art. Attendees have the chance to win 1 of 10 coveted spots for a free intro class on Sunday!",https://www.eventeny.com/events/schedule/?id=23176&session=107236
107361,Epic Spell Wars of the Battle Wizards Learn to Play,"September 4, 2026",Fri,1:00 PM,4:00 PM,2026-09-04T13:00:00,2026-09-04T16:00:00,America/New_York,Taft C/D,Tabletop Gaming,Gaming; Learn to Play,,active,"Did you know that magical wizards are battling to the death ... and beyond ... right now!? ""Why battle?"" you might ask. ""What have I got to prove, magic man?"" Only who's the most awesomely powerful battle wizard in the entire realm, that's what! As a Battle Wizard, you'll put together up to three spell components to craft millions (okay, not really) of spell combos. Your spells might kick ass, or they could totally blow – it's up to you to master the magic. You will unleash massive damage on the faces of your wizard rivals in a no-holds-barred, all-out burn-down to be the last Battle Wizard standing. And it doesn't stop there! Powerful magic items bring on a whole new level of bloody carnage as you and your mighty wizard opponents tear each other limb from limb in an orgy of killing! - 2-6 players",https://www.eventeny.com/events/schedule/?id=23176&session=107361
107041,The Most Famous Anime Around the World,"September 4, 2026",Fri,1:15 PM,2:30 PM,2026-09-04T13:15:00,2026-09-04T14:30:00,America/New_York,A114-115,Panels 3,,,active,"Many of the most lastingly popular anime in America are shows that broadcast on TV in the 90s and 2000s. But Japanese entertainment, in many different forms, has made its way all over the world. Come and learn what anime have become institutions and inspired revolutions across the globe.",https://www.eventeny.com/events/schedule/?id=23176&session=107041
106977,18+ Divorce Court,"September 4, 2026",Fri,1:30 PM,2:30 PM,2026-09-04T13:30:00,2026-09-04T14:30:00,America/New_York,Delaware,Panels 1,18+,,active,"You, yes you! Have you ever wanted to get divorced? Well now’s your opportunity! Join us as we end marriages of happy ships, crack ships, and doomed ships.",https://www.eventeny.com/events/schedule/?id=23176&session=106977
107000,An interactive intro to BTS!,"September 4, 2026",Fri,1:45 PM,3:15 PM,2026-09-04T13:45:00,2026-09-04T15:15:00,America/New_York,A110-113,Panels 2,,,active,"Mmh? Eoseo wa, bangtaneun cheoeumiji? (Welcome, is it your first time with BTS?) When BTS announced their first tour and comeback after completing their military enlistment, I made a slideshow to present to my dad, in hopes to familiarize him with the group before the tour. Whether you are a hardcore BTS fan, or you’ve never even heard of kpop before, bring a friend and a phone, come learn a thing or two, and submit your honest opinions via Google Form in time with the presentation!",https://www.eventeny.com/events/schedule/?id=23176&session=107000
107068,Love Live! All Star Gameshow!,"September 4, 2026",Fri,2:00 PM,3:00 PM,2026-09-04T14:00:00,2026-09-04T15:00:00,America/New_York,A120-122,Panels 4,,,active,"This panel will be a game show centered around the Love Live! franchise. Questions will focus on the groups: Muse, Aqours, Nijigasaki, and Liella! With bonus questions about Hasunosora and Ikizurai-Bu! for the super fans out there! 2 teams will fight to prove who knowns the most about Love Live! with questions both older and newer fans can get right.",https://www.eventeny.com/events/schedule/?id=23176&session=107068
107095,Low Spoons Cosplay,"September 4, 2026",Fri,2:00 PM,3:00 PM,2026-09-04T14:00:00,2026-09-04T15:00:00,America/New_York,A123-124,Panels 5,,,active,"""A panel full of tips, tricks & tools to help out when you're low on spoons. A lot of people deal with having low """"spoons"""" (aka energy) due to chronic illness or a demanding lifestyle. This panel will discuss how to optimize on your energy when you have it and how to feel that sense of accomplishment on days when you just don't have it. Discussion items include the preparation, creation and wearing of cosplays; attending conventions; and the post-convention slump.""",https://www.eventeny.com/events/schedule/?id=23176&session=107095
107388,Danganrompa Photoshoot,"September 4, 2026",Fri,2:00 PM,3:00 PM,2026-09-04T14:00:00,2026-09-04T15:00:00,America/New_York,Harrison,Photoshoots,Meetup; Interactive,,active,Come in your best look and snap some pics with fellow fans!,https://www.eventeny.com/events/schedule/?id=23176&session=107388
107617,Cosplay Cornhole,"September 4, 2026",Fri,2:00 PM,3:00 PM,2026-09-04T14:00:00,2026-09-04T15:00:00,America/New_York,McKinley,Movement Room,Interactive,,active,"Come play the super popular Ohio lawn game- in Cosplay! Take turns throwing bean bags, try landing on the board or making in the hole to score points! Team up or play 1v1 in Cosplay Cornhole! Cosplay is not required, but encouraged! All attendees who participate will receive a movement room ribbon and a Matsuricon button!",https://www.eventeny.com/events/schedule/?id=23176&session=107617
107296,Deadlands: City of Woe,"September 4, 2026",Fri,2:00 PM,6:00 PM,2026-09-04T14:00:00,2026-09-04T18:00:00,America/New_York,Morrow,RPG,,,active,Join us for a game of Deadlands!nGM: JaymenRule System: DeadlandsnDuration: 4 hours,https://www.eventeny.com/events/schedule/?id=23176&session=107296
107295,"Good Morning, Lancer - Training Day","September 4, 2026",Fri,2:00 PM,6:00 PM,2026-09-04T14:00:00,2026-09-04T18:00:00,America/New_York,Morrow,RPG,,,active,"Freshly minted from the Lancer Academy™, we didn't expect to be called on to defend Ikara and 30 million souls that call it home, but when the sirens go off and our boots hit the floor we are the only ones between the city and disaster! Step out into the neon and fog and strap into your (not so) shiny mech to protect the city from a sudden robot uprising!nJoin in for some episodic fun where we will build License Level 1 Lancer's and take them for a spin. After all, what could possibly go wrong leaving the city in the hands of a bunch of rookies? nGM: ChichinRule System: LancernDuration: 4 hours",https://www.eventeny.com/events/schedule/?id=23176&session=107295
107355,Cyber Pet Quest Learn to Play,"September 4, 2026",Fri,2:00 PM,5:00 PM,2026-09-04T14:00:00,2026-09-04T17:00:00,America/New_York,Taft C/D,Tabletop Gaming,Gaming; Learn to Play,,active,"Embark on a thrilling adventure with Jane, a fully bionic cat, and her cybernetically enhanced friends: Clay the dog, Freya the raccoon, and Roman the goose. Join this eclectic team as they set out to find Jane's missing owner, Howard, in the intra-apocalyptic city of San Lazaro. With its diverse and immersive locations and a quirky cast of enemies, this metropolis will keep you on the edge of your seat. As you delve deeper into the city, you'll need to flex your tactical muscles and harness the pets' array of unique abilities and powerful items to succeed in your quest. Will you uncover the truth behind Howard's disappearance and guide Jane to her missing owner? Your choices will determine the outcome. - 1-4 players",https://www.eventeny.com/events/schedule/?id=23176&session=107355
107632,Yu-Gi-Oh! Standard Tournament,"September 4, 2026",Fri,2:00 PM,5:00 PM,2026-09-04T14:00:00,2026-09-04T17:00:00,America/New_York,Windows,CCG,Gaming; Tournament,,active,,https://www.eventeny.com/events/schedule/?id=23176&session=107632
107237,Ugh! Gah! Oof! The Art of Anime Reactions with Tony Oliver,"September 4, 2026",Fri,2:15 PM,3:15 PM,2026-09-04T14:15:00,2026-09-04T15:15:00,America/New_York,Regency Ballroom,Main Events 2,Guest Panel,,active,"Ever wonder what it’s like to do all the fight sounds, efforts and reactions in your favorite anime. Wellnthen join Tony Oliver for a special panel where the chairs are moved back a bit a, everyone is on theirnfeet, and action reactions abound. You’ll learn how to do fighting reactions without hurtingnyourself...too much. You’ll go over proper techniques for everything from big “death” screams to intimatenunderstated breaths and everything in between. Toward the end of the panel some of you will get tonprovide all the reaction sounds to a fun story crafted especially the Convention read by Tony. Whethernyou jump in and participate or sit by and watch, this is sure to be a fun panel for all.",https://www.eventeny.com/events/schedule/?id=23176&session=107237
107122,Trinket Trade,"September 4, 2026",Fri,2:30 PM,3:45 PM,2026-09-04T14:30:00,2026-09-04T15:45:00,America/New_York,Fairfield,Workshop,,,active,"Bring your wares! Anyone with any kinds of trinkets welcome; be it little figures, beaded bracelets, a bottle cap or a photocard! Trade with others! Find your new favorite treasure!",https://www.eventeny.com/events/schedule/?id=23176&session=107122
107250,"VO 101 with Corey Wilder, Matt Shipman, & Katie Caruso","September 4, 2026",Fri,2:30 PM,3:30 PM,2026-09-04T14:30:00,2026-09-04T15:30:00,America/New_York,Union Ballroom,Main Events 1,Guest Panel,,active,"Of course you’re welcome to ask the age-old “How did you get into voice over” or “how do *I* get into voice over” - but if you have other burning questions about what it’s like to work on anime and games, or be a voice over director/producer/adaptive script writer, we are here to answer all we can!",https://www.eventeny.com/events/schedule/?id=23176&session=107250
106978,Haikyuu Game Night,"September 4, 2026",Fri,2:45 PM,3:45 PM,2026-09-04T14:45:00,2026-09-04T15:45:00,America/New_York,Delaware,Panels 1,,,active,Welcome!! Are you a fan of haikyuu? Volleyball?? Do you have the ultimate knowledge of both?? Come test your knowledge and hang out with the characters from the show!!!,https://www.eventeny.com/events/schedule/?id=23176&session=106978
107042,"Guys, Early 2000s PBS Shows Had LORE","September 4, 2026",Fri,3:00 PM,4:00 PM,2026-09-04T15:00:00,2026-09-04T16:00:00,America/New_York,A114-115,Panels 3,,,active,"Does anyone remember The Ruff Ruffman Show, Zoboomafoo, or even Between the Lions? Put your conspiracy caps on because we’re going back in time to see what insane worlds and backstory’s these shows had, while also touching on the drama behind-the-scenes.",https://www.eventeny.com/events/schedule/?id=23176&session=107042
107389,Love and Deepspace Photoshoot,"September 4, 2026",Fri,3:00 PM,4:00 PM,2026-09-04T15:00:00,2026-09-04T16:00:00,America/New_York,Harrison,Photoshoots,Meetup; Interactive,,active,Come in your best look and snap some pics with fellow fans!,https://www.eventeny.com/events/schedule/?id=23176&session=107389
107637,Miniature Painting with Maid to Be,"September 4, 2026",Fri,3:00 PM,4:00 PM,2026-09-04T15:00:00,2026-09-04T16:00:00,America/New_York,Marion,Maid to Be,Gaming; Interactive,,active,"Join Maid to Be for an hour of Bardic Inspiration! New and Experienced adventurers alike are provided miniatures, supplies, and guidance for painting a tabletop mini. A good relaxing session to unwind and level up artistic skills!",https://www.eventeny.com/events/schedule/?id=23176&session=107637
107618,Free Play,"September 4, 2026",Fri,3:00 PM,4:00 PM,2026-09-04T15:00:00,2026-09-04T16:00:00,America/New_York,McKinley,Movement Room,Interactive,,active,"Visit the Movement Room during Free Play hours to enjoy access (with badge) to several classical games.. But in giant form! We have Giant Jenga, Giant Connect 4, Giant Yahtzee, Giant Sorry, Giant Uno and more! We are confident that there will be something fun for everyone here in the Movement Room, so stop on by!",https://www.eventeny.com/events/schedule/?id=23176&session=107618
107298,Rifts,"September 4, 2026",Fri,3:00 PM,7:00 PM,2026-09-04T15:00:00,2026-09-04T19:00:00,America/New_York,Morrow,RPG,,,active,Join us for a game of Rifts!,https://www.eventeny.com/events/schedule/?id=23176&session=107298
107635,Gundam TCG Learn To Play,"September 4, 2026",Fri,3:00 PM,4:00 PM,2026-09-04T15:00:00,2026-09-04T16:00:00,America/New_York,Windows,CCG,Gaming; Learn to Play,,active,,https://www.eventeny.com/events/schedule/?id=23176&session=107635
107069,Cosplay Cleric 101,"September 4, 2026",Fri,3:15 PM,4:15 PM,2026-09-04T15:15:00,2026-09-04T16:15:00,America/New_York,A120-122,Panels 4,,,active,"The Cleric of Cosplay will present the basics of what it means to do cosplay repair, a history of the practice, and will go through all that you light need in order to be a cosplay repair person.",https://www.eventeny.com/events/schedule/?id=23176&session=107069
106999,Genshin Impact OST Jeopardy,"September 4, 2026",Fri,3:15 PM,4:15 PM,2026-09-04T15:15:00,2026-09-04T16:15:00,America/New_York,A123-124,Panels 5,,,active,"One of the big things we Genshin Impact fans love about the game is its soundtrack—but how well do you *actually* know all these songs? Come test your knowledge on Genshin Impact's character themes, battle tracks, cutscenes, and more in a musical game of Jeopardy! We’ll have prizes for competitors and ribbons for audience members, so please stop by and appreciate HOYO-MiX's masterpieces with us!",https://www.eventeny.com/events/schedule/?id=23176&session=106999
107001,18+ Angst or Smut? A Fanfic Guessing Game!,"September 4, 2026",Fri,3:30 PM,4:30 PM,2026-09-04T15:30:00,2026-09-04T16:30:00,America/New_York,A110-113,Panels 2,18+,,active,"When scrolling through Ao3, hunting for the next fanfic to read, you have to be sure to check the tags as well as the title. You don't want to end up stumbling upon a spicey scene on your work break or sobbing in the middle of class. Come test your skills and see if you can tell if a fic will be angst or smut by it's title!",https://www.eventeny.com/events/schedule/?id=23176&session=107001
107155,I Know That OP! A Game Show,"September 4, 2026",Fri,3:30 PM,5:15 PM,2026-09-04T15:30:00,2026-09-04T17:15:00,America/New_York,Regency Ballroom,Main Events 2,,,active,"Come test your anime opening (and ending) knowledge in this friendly game show panel, with fresh titles added for this year! Contestants will work in panelist-assigned teams (first come, first serve) to answer questions about identifying anime via their OPs and EDs, with a chance to win fabulous prizes, featuring tunes from current hits to retro favorites! Spectators in the audience will also be encouraged to participate!",https://www.eventeny.com/events/schedule/?id=23176&session=107155
107251,Courage & Curiosity: Return to the Digital World with the Digimon Cast,"September 4, 2026",Fri,3:45 PM,4:45 PM,2026-09-04T15:45:00,2026-09-04T16:45:00,America/New_York,Union Ballroom,Main Events 1,Guest Panel,,active,"The Digivice is calling once again! Join Joshua Seth (Tai) and Mona Marshall (Izzy) as they return to the Digital World for a nostalgic look back at the anime that introduced a generation to Digimon. Hear behind-the-scenes stories from the original English dub, revisit unforgettable adventures, and discover what it was like bringing two of the DigiDestined's most iconic heroes to life. Whether you grew up racing home to catch the next episode or you're discovering Digimon Adventure for the first time, this panel is packed with memories, laughs, fan Q&A, and plenty of digital nostalgia. Grab your Crest and get ready to Digivolve your convention experience!",https://www.eventeny.com/events/schedule/?id=23176&session=107251
106979,18+ GUESS THAT OPPAI,"September 4, 2026",Fri,4:00 PM,5:00 PM,2026-09-04T16:00:00,2026-09-04T17:00:00,America/New_York,Delaware,Panels 1,18+,,active,2 teams compete to see which side is more of a degen! What's the topic of you ask?? Anime oppai of course!!!!,https://www.eventeny.com/events/schedule/?id=23176&session=106979
107620,Avatar Legends the Fighting Game,"September 4, 2026",Fri,4:00 PM,5:45 PM,2026-09-04T16:00:00,2026-09-04T17:45:00,America/New_York,Franklin,Video Gaming,Gaming,,active,,https://www.eventeny.com/events/schedule/?id=23176&session=107620
107323,Escape Room,"September 4, 2026",Fri,4:00 PM,12:00 AM,2026-09-04T16:00:00,2026-09-05T00:00:00,America/New_York,Garfield,Escape Room,Interactive,,active,,https://www.eventeny.com/events/schedule/?id=23176&session=107323
107390,Project Moon Photoshoot,"September 4, 2026",Fri,4:00 PM,5:00 PM,2026-09-04T16:00:00,2026-09-04T17:00:00,America/New_York,Harrison,Photoshoots,Meetup; Interactive,,active,Come in your best look and snap some pics with fellow fans!,https://www.eventeny.com/events/schedule/?id=23176&session=107390
107638,Miniature Painting with Maid to Be,"September 4, 2026",Fri,4:00 PM,5:00 PM,2026-09-04T16:00:00,2026-09-04T17:00:00,America/New_York,Marion,Maid to Be,Gaming; Interactive,,active,"Join Maid to Be for an hour of Bardic Inspiration! New and Experienced adventurers alike are provided miniatures, supplies, and guidance for painting a tabletop mini. A good relaxing session to unwind and level up artistic skills!",https://www.eventeny.com/events/schedule/?id=23176&session=107638
107619,Cosplay Chess,"September 4, 2026",Fri,4:00 PM,6:00 PM,2026-09-04T16:00:00,2026-09-04T18:00:00,America/New_York,McKinley,Movement Room,Interactive,,active,"We supply the Chess board, you supply the chess pieces! Come participate in our live action chess while dressed as one of your favorite characters! Attendees can also participate by being one of the game masters to help guide their cosplay chess team to victory. Participation Matsuricon themed ribbons and buttons will be given out to those who play.",https://www.eventeny.com/events/schedule/?id=23176&session=107619
107627,Beyblade Metal Saga Tournament,"September 4, 2026",Fri,4:00 PM,6:00 PM,2026-09-04T16:00:00,2026-09-04T18:00:00,America/New_York,Windows,CCG,Gaming; Tournament,,active,,https://www.eventeny.com/events/schedule/?id=23176&session=107627
107043,Sticky stuff: Glues for cosplay and other crafting,"September 4, 2026",Fri,4:15 PM,5:15 PM,2026-09-04T16:15:00,2026-09-04T17:15:00,America/New_York,A114-115,Panels 3,,,active,Sticky stuff: Glues for cosplay and other crafting,https://www.eventeny.com/events/schedule/?id=23176&session=107043
107121,18+ Pasties making workshop (cost is 15) Scarlett Mafia,"September 4, 2026",Fri,4:15 PM,5:30 PM,2026-09-04T16:15:00,2026-09-04T17:30:00,America/New_York,Fairfield,Workshop,18+,,active,Learn how to make your own pasties for festivals raves and burlesque with Scarlett Mafia teaching you the step-by-step for beginners materials included. Must pay prior to taking the workshop.,https://www.eventeny.com/events/schedule/?id=23176&session=107121
107070,Do You Wanna Build A One-Shot? It Doesn't Have To Be A One-Shot,"September 4, 2026",Fri,4:30 PM,5:30 PM,2026-09-04T16:30:00,2026-09-04T17:30:00,America/New_York,A120-122,Panels 4,,,active,"One-shot sessions of tabletop RPGs are a great way to get a taste of a system or setting without the time commitment of a full campaign. But what happens when your players really enjoy a one-shot and want to continue? Come to this panel to learn and discuss tips and tricks for creating one-shots to use in home games or at conventions, and how to convert them into a full campaign. Your hosts are gamemasters with over 10 years of combined experience in creating one-shot scenarios for convention play – time permitting, attendees will work together to build a scenario with them!",https://www.eventeny.com/events/schedule/?id=23176&session=107070
107097,Bing Bong's PEAKest moment,"September 4, 2026",Fri,4:30 PM,5:30 PM,2026-09-04T16:30:00,2026-09-04T17:30:00,America/New_York,A123-124,Panels 5,,,active,"Hey, Scouts! Grab your backpack, scout mix, and wilderness handbook as we embark upon Bing Bong Airlines to an interactive panel on the popular game, PEAK. Take a “crash” course in the lore of Peak's history, draw your scout, learn about Bing Bong's favorite artist and dance along with fellow scouts to his latest concert video, and more! Remember rule zero, “Never abandon a friend in need!” and bring your friends along for the climb.",https://www.eventeny.com/events/schedule/?id=23176&session=107097
107002,18+ Hellaverse Sing-a-Long,"September 4, 2026",Fri,5:00 PM,7:00 PM,2026-09-04T17:00:00,2026-09-04T19:00:00,America/New_York,A110-113,Panels 2,18+,,active,"You love Hellaverse as much as we do? Well come on and song ALL of the songs with us. From Season 1, Season 2, The Pilot, and maybe even some Hellvaboss and Bonus songs if we have time.",https://www.eventeny.com/events/schedule/?id=23176&session=107002
107392,Dandadan Photoshoot,"September 4, 2026",Fri,5:00 PM,6:00 PM,2026-09-04T17:00:00,2026-09-04T18:00:00,America/New_York,Harrison,Photoshoots,Meetup; Interactive,,active,Come in your best look and snap some pics with fellow fans!,https://www.eventeny.com/events/schedule/?id=23176&session=107392
107391,Hellaverse (Hazbin Hotel and Helluva Boss) Photoshoot,"September 4, 2026",Fri,5:00 PM,6:00 PM,2026-09-04T17:00:00,2026-09-04T18:00:00,America/New_York,Harrison,Photoshoots,Meetup; Interactive,,active,Come in your best look and snap some pics with fellow fans!,https://www.eventeny.com/events/schedule/?id=23176&session=107391
107307,Night Market,"September 4, 2026",Fri,5:00 PM,12:00 AM,2026-09-04T17:00:00,2026-09-05T00:00:00,America/New_York,Hayes,Night Market,,,active,"Step into a room inspired by the feeling of a traditional Japanese matsuri. Discover local creativity, linger among the displays, and make time for a few games while the convention night is still young.nDaruma Otoshi (Doll Drop)nnKingyo Sukui (Goldfish Scoop)nnTwo favorites to look for among the Night Market’s rotating festival games.nnMARKET STOP // MAKERSnnMeet Local ArtistsnNight Market experiencenBrowse beautiful art and clever creations from talented artists in a relaxed, after-hours setting.nnEXPLORE THE MARKETnnMARKET STOP // GAMESnnTry Matsuri ClassicsnNight Market experiencenTake on traditional favorites like Daruma Otoshi and Kingyo Sukui, plus more festival-style games.nnPICK UP GAME TICKETSnnMARKET STOP // PRIZESnnPlay to WinnNight Market experiencenEarn tickets at the game stations, then exchange your winnings for a fun prize before the night ends.",https://www.eventeny.com/events/schedule/?id=23176&session=107307
107639,Maid to Be - Board Game Session,"September 4, 2026",Fri,5:00 PM,6:00 PM,2026-09-04T17:00:00,2026-09-04T18:00:00,America/New_York,Marion,Maid to Be,Gaming; Interactive,,active,"Relax and unwind as the colorful cast of the Maid to Be Guild plays a board game together with you! Whether it is a simple party game, or something a bit more heavy-weight, our game library is sure to have something for everyone. Don't know how to play? No worries, our maids and butlers will help guide you. Fair warning though-- some of us don't lose so easily!",https://www.eventeny.com/events/schedule/?id=23176&session=107639
107342,Con of the Dead Game (Dread),"September 4, 2026",Fri,5:00 PM,10:00 PM,2026-09-04T17:00:00,2026-09-04T22:00:00,America/New_York,Morrow,STF,Gaming,,active,,https://www.eventeny.com/events/schedule/?id=23176&session=107342
107359,Joking Hazard Let’s Play,"September 4, 2026",Fri,5:00 PM,8:00 PM,2026-09-04T17:00:00,2026-09-04T20:00:00,America/New_York,Taft C/D,Tabletop Gaming,18+; Gaming,,active,"A game in which you compete with your friends and enemies to finish an awful three-panel comic, from a deck of cards with millions of possible combinations. - 3-10 players 18+",https://www.eventeny.com/events/schedule/?id=23176&session=107359
107623,Flash Beats,"September 4, 2026",Fri,5:00 PM,6:00 PM,2026-09-04T17:00:00,2026-09-04T18:00:00,America/New_York,Union,Arcade,Gaming,,active,,https://www.eventeny.com/events/schedule/?id=23176&session=107623
106980,18+ Nat One Presents - VTubers Say the Darndest Things!,"September 4, 2026",Fri,5:15 PM,6:15 PM,2026-09-04T17:15:00,2026-09-04T18:15:00,America/New_York,Delaware,Panels 1,18+,,active,We sure do love our oshis! Even if they say incredibly crazy things on social media and in their streams. Can you guess which VTuber made what insanely crazy claim just by their posts? Come test your luck in this game where VTubers Say the Darndest Things!,https://www.eventeny.com/events/schedule/?id=23176&session=106980
107044,Sewing with fiddley fabrics and weird materials,"September 4, 2026",Fri,5:30 PM,6:30 PM,2026-09-04T17:30:00,2026-09-04T18:30:00,America/New_York,A114-115,Panels 3,,,active,"Cosplayers are known for their unique use of materials, very specific fabric choices, and creative solutions... let's embrace it! Let's go over some ways to make working with fiddly fabrics—slippery satins, floaty chiffon, and sticky faux leathers—less frustrating and more successful. Then, we'll talk about how to make with unconventional fabrics: foam, plastic, paper, cork, and more.",https://www.eventeny.com/events/schedule/?id=23176&session=107044
107252,Fantoche Kpop/Jpop Gala,"September 4, 2026",Fri,5:30 PM,8:30 PM,2026-09-04T17:30:00,2026-09-04T20:30:00,America/New_York,Union Ballroom,Main Events 1,Concert/Show,,active,"The KPOP/JPOP Dance Gala is a celebration of dance! This half-competition, half-showcase is the perfect stage for dancers of all experiences to show off their moves. Interested participants can sign up for competition, showcase, or both! Wanna watch and make it feel like a true idol concert? Bring your lightsticks and energy to support the amazing dance community Matsuricon has to offer! Come join us for the 5th annual KPOP/JPOP Dance Gala!",https://www.eventeny.com/events/schedule/?id=23176&session=107252
107071,Arcade Rhythm Games 101,"September 4, 2026",Fri,5:45 PM,6:45 PM,2026-09-04T17:45:00,2026-09-04T18:45:00,America/New_York,A120-122,Panels 4,,,active,"The world of arcade rhythm games can be intimidating to a newcomer, but we believe rhythm games should be for everyone to enjoy! If you aren't sure where to start, let us help guide you through menu navigation, vocabulary, and the new and old games you might find at your local arcade!",https://www.eventeny.com/events/schedule/?id=23176&session=107071
107098,Traveling to Japan!,"September 4, 2026",Fri,5:45 PM,7:45 PM,2026-09-04T17:45:00,2026-09-04T19:45:00,America/New_York,A123-124,Panels 5,,,active,"Want to go to Japan but don’t know where to start? You can start here! I’ll talk about passports, what you’ll need to take with you, how to find places to stay, and a list of fun things to do when you get there!",https://www.eventeny.com/events/schedule/?id=23176&session=107098
107299,One Piece: Egghead Testing Protocol,"September 4, 2026",Fri,6:00 PM,10:00 PM,2026-09-04T18:00:00,2026-09-04T22:00:00,America/New_York,,RPG,,,active,"Dr. Vegapunk needs help testing some new things for the world government. You have been selected (or forced) to help test these things.nnHe's the smartest man in the world, so it should be safe...right?nnPre-made characters will be provided, please come early if you want to make a character yourself.nnSpoilers for the One Piece Anime and Manga will be involved. nGM: IannRule System: D&D 5e 2024nDuration: 4 hours",https://www.eventeny.com/events/schedule/?id=23176&session=107299
107123,Cosplay and Material Supply Swap,"September 4, 2026",Fri,6:00 PM,8:00 PM,2026-09-04T18:00:00,2026-09-04T20:00:00,America/New_York,Fairfield,Workshop,,,active,"We know you have materials leftover from that one cosplay you made five years ago that you'll never use, or some fabric from that cosplay you never made and probably never will. Or maybe you have actual cosplays in your closet that are taking up space, never worn. Bring all of that with you to this panel and you can swap the things that you won't use for stuff that you will! NO MONEY WILL EXCHANGE HANDS. This is for trading or giving away your materials. All crafting material is welcome and you don't need to bring anything to come check out what people are giving away!",https://www.eventeny.com/events/schedule/?id=23176&session=107123
107606,Badge Ribbon Meetup,"September 4, 2026",Fri,6:00 PM,7:00 PM,2026-09-04T18:00:00,2026-09-04T19:00:00,America/New_York,Harrison,Photoshoots,Meetup; Interactive,,active,Come in your best look and snap some pics with fellow fans!,https://www.eventeny.com/events/schedule/?id=23176&session=107606
107343,A Party to Remember! (Fate Accelerated),"September 4, 2026",Fri,6:00 PM,9:00 PM,2026-09-04T18:00:00,2026-09-04T21:00:00,America/New_York,Morrow,STF,Gaming,,active,,https://www.eventeny.com/events/schedule/?id=23176&session=107343
107609,Battle of the Bards (D&D 5e),"September 4, 2026",Fri,6:00 PM,10:00 PM,2026-09-04T18:00:00,2026-09-04T22:00:00,America/New_York,Morrow,RPG,Gaming,,active,,https://www.eventeny.com/events/schedule/?id=23176&session=107609
107318,Convention Foam Fighting (CFF),"September 4, 2026",Fri,6:00 PM,10:00 PM,2026-09-04T18:00:00,2026-09-04T22:00:00,America/New_York,Taft A/B,CFF,Interactive,,active,,https://www.eventeny.com/events/schedule/?id=23176&session=107318
107362,Crokinole Tournament,"September 4, 2026",Fri,6:00 PM,9:00 PM,2026-09-04T18:00:00,2026-09-04T21:00:00,America/New_York,Taft C/D,Tabletop Gaming,Gaming; Tournament,,active,"Players take turns shooting discs across the circular playing surface, trying to land their discs in the higher-scoring regions of the board, particularly the recessed centre hole of 20 points, while also attempting to knock opponents discs off the board or into the ditch. - 2 players - 20 mins per round tournament style - 20 players enter with a waitlist",https://www.eventeny.com/events/schedule/?id=23176&session=107362
107633,Lorcana Learn To Play,"September 4, 2026",Fri,6:00 PM,8:00 PM,2026-09-04T18:00:00,2026-09-04T20:00:00,America/New_York,Windows,CCG,Gaming; Learn to Play,,active,,https://www.eventeny.com/events/schedule/?id=23176&session=107633
107630,MTG Commander Tournament,"September 4, 2026",Fri,6:00 PM,9:00 PM,2026-09-04T18:00:00,2026-09-04T21:00:00,America/New_York,Windows,CCG,Gaming; Tournament,,active,,https://www.eventeny.com/events/schedule/?id=23176&session=107630
107621,Street Fighter 6 1v1,"September 4, 2026",Fri,6:15 PM,8:00 PM,2026-09-04T18:15:00,2026-09-04T20:00:00,America/New_York,Franklin,Video Gaming,Gaming,,active,,https://www.eventeny.com/events/schedule/?id=23176&session=107621
106981,18+ Anime Waifu Tier Battle,"September 4, 2026",Fri,6:30 PM,7:30 PM,2026-09-04T18:30:00,2026-09-04T19:30:00,America/New_York,Delaware,Panels 1,18+,,active,"Join us in tiering Matsuricons most popular waifus. There will be laughter, tears, and alot of slander.",https://www.eventeny.com/events/schedule/?id=23176&session=106981
107045,Crash Course: Building an Art Shop,"September 4, 2026",Fri,6:45 PM,7:30 PM,2026-09-04T18:45:00,2026-09-04T19:30:00,America/New_York,A114-115,Panels 3,,,active,"This panel will be discussing how to go about starting on Art Shop. If you’ve been considering to sell your artwork but don’t know where to start, this panel will give tips on where to go first.",https://www.eventeny.com/events/schedule/?id=23176&session=107045
107072,"Beyond Totoro, Anime Movies not from Ghibli","September 4, 2026",Fri,7:00 PM,8:00 PM,2026-09-04T19:00:00,2026-09-04T20:00:00,America/New_York,A120-122,Panels 4,,,active,Are you looking for a new anime film to watch? Join me as I give you some ideas to watch to help with the post con blues. Whether you are new to anime film or well versed you will find a new film to watch.,https://www.eventeny.com/events/schedule/?id=23176&session=107072
107640,Roll for Revelry: Dungeon Delve with Maid to Be,"September 4, 2026",Fri,7:00 PM,8:00 PM,2026-09-04T19:00:00,2026-09-04T20:00:00,America/New_York,Marion,Maid to Be,Gaming; Interactive,,active,"The panel becomes the party! Hosted by the elven MC Ephraim, join Maid to Be for a dungeon delve inspired by classics of the choose-your-own-adventure genre and the creativity of old-school RPGs.",https://www.eventeny.com/events/schedule/?id=23176&session=107640
107344,Heist on The Ghostflame Express (Daggerheart),"September 4, 2026",Fri,7:00 PM,10:00 PM,2026-09-04T19:00:00,2026-09-04T22:00:00,America/New_York,Morrow,STF,Gaming,,active,,https://www.eventeny.com/events/schedule/?id=23176&session=107344
107613,Old Gods of Appalachia: The In-Between (Cypher System),"September 4, 2026",Fri,7:00 PM,11:00 PM,2026-09-04T19:00:00,2026-09-04T23:00:00,America/New_York,Morrow,RPG,Gaming,,active,,https://www.eventeny.com/events/schedule/?id=23176&session=107613
107612,Rescue Ribbons: Sinking Feeling (Daggerheart),"September 4, 2026",Fri,7:00 PM,11:00 PM,2026-09-04T19:00:00,2026-09-04T23:00:00,America/New_York,Morrow,RPG,Gaming,,active,"The Ribbons need to ensure a parade goes without a hitch, or else the local library loses funding! Even if it means fighting a monster as part of the show. nnJoin us for this magical girl-inspired adventure.",https://www.eventeny.com/events/schedule/?id=23176&session=107612
107238,Formal,"September 4, 2026",Fri,7:00 PM,9:00 PM,2026-09-04T19:00:00,2026-09-04T21:00:00,America/New_York,Regency Ballroom,Main Events 2,Event; Interactive,,active,"Arrive at the ball prepared to dance the night away! Waltz like the ethereal fae, foxtrot like Fred Astair, and bachata like Bayonetta. No partner required! This ball is open to both experienced dancers and those who are brand new to dance. This whimsical ballroom gala will play a variety of music that will get you on the dance floor. Dance with your own partner OR ask a stranger to dance. Dance hosts will also be available to whisk you away. nTwo ballroom crash course panels will be offered during the daytime to go over basic patterns, etiquette, and some lead/follow tips to make sure you have an enchanted evening. No Partner required. Each class is 60 minutes and is open for those who want to try ballroom dance for the first time or for those who need a refresher! Be sure to check the schedule for class specifics!",https://www.eventeny.com/events/schedule/?id=23176&session=107238
107356,HeroClix Learn to Play,"September 4, 2026",Fri,7:00 PM,10:00 PM,2026-09-04T19:00:00,2026-09-04T22:00:00,America/New_York,Taft C/D,Tabletop Gaming,Gaming; Learn to Play,,active,"A tactical combat miniatures game where you put heroes and villains from your favorite comics, movies, and TV shows in head-to-head combat. - 2 players",https://www.eventeny.com/events/schedule/?id=23176&session=107356
107624,DeathBall 1v1,"September 4, 2026",Fri,7:00 PM,8:00 PM,2026-09-04T19:00:00,2026-09-04T20:00:00,America/New_York,Union,Arcade,Gaming,,active,,https://www.eventeny.com/events/schedule/?id=23176&session=107624
107003,18+ It’s Raining Men,"September 4, 2026",Fri,7:15 PM,8:30 PM,2026-09-04T19:15:00,2026-09-04T20:30:00,America/New_York,A110-113,Panels 2,18+,,active,The BL revolution has begun! Let's take a look at the origins of the genre going back to the 60s and how webcomics made Boys Love so beloved today. We will end with a Kahoot to test of your knowledge. Prizes for the winners!,https://www.eventeny.com/events/schedule/?id=23176&session=107003
107143,Wicked Slumber Party,"September 4, 2026",Fri,7:30 PM,8:30 PM,2026-09-04T19:30:00,2026-09-04T20:30:00,America/New_York,McKinley,Movement Room,,,active,"Grab your pajama cosplays and join us for a Broadway lovers dream experience. Hosted by Galinda, we’ll explore everything Wicked. There will be games, there will be singing, and of course there will be hair tossing too.",https://www.eventeny.com/events/schedule/?id=23176&session=107143
106982,Anime Court,"September 4, 2026",Fri,7:45 PM,8:45 PM,2026-09-04T19:45:00,2026-09-04T20:45:00,America/New_York,Delaware,Panels 1,,,active,"All rise! Enter the courtroom and put your favorite video game and anime characters on trial to decide their fate. Help decide on a case then step up as the prosecutor, defense attorney, plaintiff, defendant, a key witness, or a member of the jury. Court is now in session!",https://www.eventeny.com/events/schedule/?id=23176&session=106982
107049,Kimono 101 - Learn How To Wear,"September 4, 2026",Fri,8:00 PM,9:00 PM,2026-09-04T20:00:00,2026-09-04T21:00:00,America/New_York,A114-115,Panels 3,,,active,Ever want to learn how to wear a Japanese kimono in a culturally respectful way? This beginner-level workshop will review the core basics of wearing a kimono and demonstrate how it is put on and worn.,https://www.eventeny.com/events/schedule/?id=23176&session=107049
107099,Karaoke,"September 4, 2026",Fri,8:00 PM,11:00 PM,2026-09-04T20:00:00,2026-09-04T23:00:00,America/New_York,A123-124,Panels 5,,,active,,https://www.eventeny.com/events/schedule/?id=23176&session=107099
107622,Guilty Gear: Strive,"September 4, 2026",Fri,8:00 PM,10:15 PM,2026-09-04T20:00:00,2026-09-04T22:15:00,America/New_York,Franklin,Video Gaming,Gaming,,active,,https://www.eventeny.com/events/schedule/?id=23176&session=107622
107641,Maid to Be - Board Game Session,"September 4, 2026",Fri,8:00 PM,9:00 PM,2026-09-04T20:00:00,2026-09-04T21:00:00,America/New_York,Marion,Maid to Be,Gaming; Interactive,,active,"Relax and unwind as the colorful cast of the Maid to Be Guild plays a board game together with you! Whether it is a simple party game, or something a bit more heavy-weight, our game library is sure to have something for everyone. Don't know how to play? No worries, our maids and butlers will help guide you. Fair warning though-- some of us don't lose so easily!",https://www.eventeny.com/events/schedule/?id=23176&session=107641
107607,Murder at Holmfirth Hall (D&D 5e),"September 4, 2026",Fri,8:00 PM,12:00 AM,2026-09-04T20:00:00,2026-09-05T00:00:00,America/New_York,Morrow,RPG,Gaming,,active,,https://www.eventeny.com/events/schedule/?id=23176&session=107607
107360,Zaibatsu Learn to Play,"September 4, 2026",Fri,8:00 PM,11:00 PM,2026-09-04T20:00:00,2026-09-04T23:00:00,America/New_York,Taft C/D,Tabletop Gaming,Gaming; Learn to Play,,active,"The game is set in a cyberpunk future, players represent supercorporations rivals, the Zaibatsu, who struggle to obtain the domain and control of the global network of information, Cybernet and for this we serve a large number of agents, mercenaries pawns they use to achieve their targets. Zaibatsu is a print and play cyberpunk-themed game, each player in game can move pawns, attack the pawns controlled by other players, put new hexagonal blocks to expand the modular board or gain control of the existing blocks to dominate the board and win the game - 2-4 players",https://www.eventeny.com/events/schedule/?id=23176&session=107360
107628,Yu-Gi-Oh! No List Tournament,"September 4, 2026",Fri,8:00 PM,10:00 PM,2026-09-04T20:00:00,2026-09-04T22:00:00,America/New_York,Windows,CCG,Gaming; Tournament,,active,,https://www.eventeny.com/events/schedule/?id=23176&session=107628
107073,"Know your notions: All about machine feet, needles, presser feet, pins, thread, cutting and marking tools, and interfacing!","September 4, 2026",Fri,8:15 PM,9:15 PM,2026-09-04T20:15:00,2026-09-04T21:15:00,America/New_York,A120-122,Panels 4,,,active,Knowing the details about your sewing tools can make or break your project! Are you using the correct pins and needles for your fabric? Is your interfacing fighting with your fabrication? Will your chosen marking tools cause regrets? Let's dive deep into all the common notions we use as sewists and cosplayers!,https://www.eventeny.com/events/schedule/?id=23176&session=107073
107124,Bead Me Baby One More Time: Kandi Workshop,"September 4, 2026",Fri,8:30 PM,10:00 PM,2026-09-04T20:30:00,2026-09-04T22:00:00,America/New_York,Fairfield,Workshop,,,active,"Wind down with some bead-tastic fun! From singles to flower cuffs, kandi charms and beaded hair clips. We’ll have demonstrations of each designs and flyers with pictures and written institutions if that’s more your learning style. Beginners welcome and materials provided for a $5 fee (Payments accepted by, cash, cash app, Venmo or PayPal )",https://www.eventeny.com/events/schedule/?id=23176&session=107124
107004,Anime or Politician?,"September 4, 2026",Fri,8:45 PM,9:45 PM,2026-09-04T20:45:00,2026-09-04T21:45:00,America/New_York,A110-113,Panels 2,,,active,"“I have a big gun and I took it from our Lord!” Who said it, an anime character or a US politician? Think that one was too easy? Then come and test your skills at this hilarious interactive game panel where the whole audience can join in on the fun.",https://www.eventeny.com/events/schedule/?id=23176&session=107004
106983,18+ Your Waifu is Crap,"September 4, 2026",Fri,9:00 PM,10:00 PM,2026-09-04T21:00:00,2026-09-04T22:00:00,America/New_York,Delaware,Panels 1,18+,,active,"Offer us your waifus, and we'll let you know how awful they are!",https://www.eventeny.com/events/schedule/?id=23176&session=106983
107642,Werewolf,"September 4, 2026",Fri,9:00 PM,10:00 PM,2026-09-04T21:00:00,2026-09-04T22:00:00,America/New_York,Marion,Maid to Be,Gaming; Interactive,,active,,https://www.eventeny.com/events/schedule/?id=23176&session=107642
107142,J-pop & K-pop Random Dance Play with Kaleido Dream!,"September 4, 2026",Fri,9:00 PM,10:45 PM,2026-09-04T21:00:00,2026-09-04T22:45:00,America/New_York,McKinley,Movement Room,,,active,"Calling all J-pop and K-pop lovers alike! Get ready to dance with Kaleido Dream to your favorite songs from both genres from over the years! With fan favorites like BTS, TWICE, Stray Kids, and ITZY to Love Live!, Project Sekai, Hello!Project, and Kaigai Idols! There's something here for everyone!! Bring your penlights and your hydration and get ready for non-stop dancing and fun! We can't wait to dance with you all!",https://www.eventeny.com/events/schedule/?id=23176&session=107142
107363,Carcassonne Learn to Play,"September 4, 2026",Fri,9:00 PM,12:00 AM,2026-09-04T21:00:00,2026-09-05T00:00:00,America/New_York,Taft C/D,Tabletop Gaming,Gaming; Learn to Play,,active,"A tile placement game in which the players draw and place a tile with a piece of southern French landscape represented on it. The tile might feature a city, a road, a cloister, grassland or some combination thereof, and it must be placed adjacent to tiles that have already been played, in such a way that cities are connected to cities, roads to roads, et cetera. Having placed a tile, the player can then decide to place one of their meeples in one of the areas on it: in the city as a knight, on the road as a robber, in the cloister as a monk, or in the field as a farmer. When that area is complete that meeple scores points for its owner. - 2-5 players",https://www.eventeny.com/events/schedule/?id=23176&session=107363
106886,Crokinole Learn to Play,"September 4, 2026",Fri,9:00 PM,11:00 PM,2026-09-04T21:00:00,2026-09-04T23:00:00,America/New_York,Taft C/D,Tabletop Gaming,,,active,,https://www.eventeny.com/events/schedule/?id=23176&session=106886
107253,VA Roundtable,"September 4, 2026",Fri,9:00 PM,10:00 PM,2026-09-04T21:00:00,2026-09-04T22:00:00,America/New_York,Union Ballroom,Main Events 1,Guest Panel,,active,,https://www.eventeny.com/events/schedule/?id=23176&session=107253
107047,Dungeon Delving: Why you should read Dungeon Crawler Carl,"September 4, 2026",Fri,9:15 PM,10:15 PM,2026-09-04T21:15:00,2026-09-04T22:15:00,America/New_York,A114-115,Panels 3,,,active,"Internet phenomenon Dungeon Crawler Carl is rife with dark humor and wonderful storytelling from the get go offering a wild ride of antics and anecdotes that are a worthwhile read or listen. If you are on the fence, let us convince you to read it",https://www.eventeny.com/events/schedule/?id=23176&session=107047
107074,MANIME Manly Anime,"September 4, 2026",Fri,9:30 PM,11:00 PM,2026-09-04T21:30:00,2026-09-04T23:00:00,America/New_York,A120-122,Panels 4,Guest Panel,,active,"Join us for an hour of the most over-the-top, bone-crunching, testosterone-fueled macho anime ever to punch its way out of Japan. Huge muscles, explosions, and very stern faces abound",https://www.eventeny.com/events/schedule/?id=23176&session=107074
107239,Scarlett Mafia,"September 4, 2026",Fri,9:30 PM,11:30 PM,2026-09-04T21:30:00,2026-09-04T23:30:00,America/New_York,Regency Ballroom,Main Events 2,18+,,active,"Unleash your inner geek with a side of cheek! Scarlett Mafia is the ultimate pop-culture striptease, bringing your favorite fandoms to life with brilliant choreography, quick-witted comedy, and stunningly creative costume reveals. ​Whether you're a tabletop die-hard, a sci-fi super-fan, or just looking for a uniquely high-energy night out, our cast of talented performers is ready to show off their stats. It’s clever, hilarious, and unapologetically nerdy.",https://www.eventeny.com/events/schedule/?id=23176&session=107239
107005,18+ A Cosplayer's Guide to Kink,"September 4, 2026",Fri,10:00 PM,12:00 AM,2026-09-04T22:00:00,2026-09-05T00:00:00,America/New_York,A110-113,Panels 2,18+,,active,"Interested in kink but your only exposure is through cosplay and fandom and you're not sure where to start? Two experienced (and dungeon monitor certified) cosplay kinksters have your back with ""A Cosplayer's Guide to Kink"" to help steer your first forays into the kink scene, including demos! LGBTQ+ friendly!",https://www.eventeny.com/events/schedule/?id=23176&session=107005
107608,Call of Cthulhu: Spirited Away (Call of Cthulhu) [18+],"September 4, 2026",Fri,10:00 PM,2:00 AM,2026-09-04T22:00:00,2026-09-05T02:00:00,America/New_York,Morrow,RPG,Gaming,,active,,https://www.eventeny.com/events/schedule/?id=23176&session=107608
107611,Five Nights At Matsuri - Night 6 (Final Girl) [18+],"September 4, 2026",Fri,10:00 PM,2:00 AM,2026-09-04T22:00:00,2026-09-05T02:00:00,America/New_York,Morrow,RPG,Gaming,,active,,https://www.eventeny.com/events/schedule/?id=23176&session=107611
107357,Secret Hitler Let's Play,"September 4, 2026",Fri,10:00 PM,1:00 AM,2026-09-04T22:00:00,2026-09-05T01:00:00,America/New_York,Taft C/D,Tabletop Gaming,18+; Gaming,,active,"Players are secretly divided into two teams: the liberals, who have a majority, and the fascists, who are hidden to everyone but each other. If the liberals can learn to trust each other, they have enough votes to control the elections and save the day. But the fascists will say whatever it takes to get elected, advance their agenda, and win the game. - 5-10 players 18+",https://www.eventeny.com/events/schedule/?id=23176&session=107357
106984,18+ Ultimate Pokémon Smash or Pass!,"September 4, 2026",Fri,10:15 PM,11:30 PM,2026-09-04T22:15:00,2026-09-04T23:30:00,America/New_York,Delaware,Panels 1,18+,,active,"Based on the popular (and chaotic) video format, panel goers get to participate in the Ultimate Pokémon Smash or Pass! Curating the definitive list of the most ""Lovable"" Pokémon for the second year in a row!",https://www.eventeny.com/events/schedule/?id=23176&session=106984
107254,Lesser known animated movies from around the world,"September 4, 2026",Fri,10:15 PM,11:15 PM,2026-09-04T22:15:00,2026-09-04T23:15:00,America/New_York,Union Ballroom,Main Events 1,,,active,Apart from America/Japan there are so many amazing animated movies that are overlooked in the mainstream. Join as I show a couple of these gems from around the world and hopefully find you a new favorite movie.,https://www.eventeny.com/events/schedule/?id=23176&session=107254
107048,18+ Honkai Star Rail: Kiss Marry Kill!,"September 4, 2026",Fri,10:30 PM,11:30 PM,2026-09-04T22:30:00,2026-09-04T23:30:00,America/New_York,A114-115,Panels 3,18+,,active,"Do you like Honkai Star Rail? Do you really like it? Well join some of your favorite characters in a classic game! We want your opinions but you can always just watch along! Kiss Marry Kill with all the favorites, what could be better?",https://www.eventeny.com/events/schedule/?id=23176&session=107048
107075,Mostro Lounge Onboarding Seminar: A Twisted Wonderland Panel,"September 4, 2026",Fri,11:15 PM,12:15 AM,2026-09-04T23:15:00,2026-09-05T00:15:00,America/New_York,A120-122,Panels 4,,,active,"Welcome new team members to your first Mostro Lounge staff meeting! Don't be late!An in-character panel of the Octavinelle dorm from the Disney game Twisted Wonderland. A mix of headcanons, real trivia (Kahoot), bad advice, and the twins rage baiting Azul. Also boosting team morale if you have any left by the end.",https://www.eventeny.com/events/schedule/?id=23176&session=107075
107100,18+ Cosplay Dating Game!,"September 4, 2026",Fri,11:15 PM,12:15 AM,2026-09-04T23:15:00,2026-09-05T00:15:00,America/New_York,A123-124,Panels 5,18+,,active,Feeling a bit lonely? Need to find your cosplay match? Join us for an hour of blind dating with three contestants and *plenty* of chemistry. Audience participation is encouraged! Be prepared to impress these eligible bachelors and bachelorettes!,https://www.eventeny.com/events/schedule/?id=23176&session=107100
107255,The anime song Kahoot that will make you cry (in frustration),"September 4, 2026",Fri,11:30 PM,12:30 AM,2026-09-04T23:30:00,2026-09-05T00:30:00,America/New_York,Union Ballroom,Main Events 1,,,active,,https://www.eventeny.com/events/schedule/?id=23176&session=107255
107046,Weeb Tarot Workshop,"September 4, 2026",Fri,11:45 PM,12:45 AM,2026-09-04T23:45:00,2026-09-05T00:45:00,America/New_York,A114-115,Panels 3,,,active,"This workshop is all about tarot! We will start by going over the basics of tarot, its history and cultural significance. The rest of this panel covers how to read tarot through its symbolism and numerology. This workshop aims to be a judgement feee place to build community and learn all about the magic of divination.",https://www.eventeny.com/events/schedule/?id=23176&session=107046
106985,18+ The YouTube Poop Marathon,"September 4, 2026",Fri,11:45 PM,1:00 AM,2026-09-04T23:45:00,2026-09-05T01:00:00,America/New_York,Delaware,Panels 1,18+,,active,"Nice of the panelists to invite us to watch some YouTube Poops, eh Luigi? Come on down and enjoy an hour and a half of perfectly curated YTP goodness, from the classics to the modern age! I hope YOU brought lotsa spaghetti!",https://www.eventeny.com/events/schedule/?id=23176&session=106985
107006,18+ Down Bad in Deepspace: A Love and Deepspace Discussion,"September 5, 2026",Sat,12:15 AM,1:45 AM,2026-09-05T00:15:00,2026-09-05T01:45:00,America/New_York,A110-113,Panels 2,18+,,active,"It’s a LADS night out! If you know, you know and if you don’t, you’re about to. Join us as we dive deep into the characters, memories, and “plot” of Love and Deepspace. Expect unhinged discussions, questionable opinions, and interactive games as we celebrate the moments that got us down bad. Never played? Perfect! Come find out why we’re so obsessed and why this game has everyone talking.",https://www.eventeny.com/events/schedule/?id=23176&session=107006
107076,Horses I think should Umas,"September 5, 2026",Sat,12:30 AM,1:30 AM,2026-09-05T00:30:00,2026-09-05T01:30:00,America/New_York,A120-122,Panels 4,,,active,"Horse racing has a long history of amazing horse names. I think cygames should lean into this, which is why I have some notes for them.",https://www.eventeny.com/events/schedule/?id=23176&session=107076
107101,Voltron the game show!!!,"September 5, 2026",Sat,12:30 AM,1:30 AM,2026-09-05T00:30:00,2026-09-05T01:30:00,America/New_York,A123-124,Panels 5,,,active,Are you a fan of voltron legendary defender? Do you have what it takes to win? Prove your Voltron knowledge in this fun Voltron game panel!!!,https://www.eventeny.com/events/schedule/?id=23176&session=107101
107050,Man...WHAT now?,"September 5, 2026",Sat,1:00 AM,2:00 AM,2026-09-05T01:00:00,2026-09-05T02:00:00,America/New_York,A114-115,Panels 3,,,active,"Webcomics and comics are becoming more and more popular throughout the world, and a lot of them are comeing from East Asia! But...what are the differences?",https://www.eventeny.com/events/schedule/?id=23176&session=107050
107077,Rut-Roh: An Omegaverse Panel (18+),"September 5, 2026",Sat,9:00 AM,11:00 AM,2026-09-05T09:00:00,2026-09-05T11:00:00,America/New_York,A120-122,Panels 4,18+,,active,What is omegaverse? Is it necessary? And why are we so fascinated by it? Let’s take a dive into the genre and find out new things we didn’t need to know along the way...Rut-Roh Raggy...,https://www.eventeny.com/events/schedule/?id=23176&session=107077
107311,Cosplay Repair,"September 5, 2026",Sat,9:00 AM,4:00 PM,2026-09-05T09:00:00,2026-09-05T16:00:00,America/New_York,Grant & Harding,Cosplay Repair,,,active,"A snapped strap or loose seam does not have to end your con day. Our volunteer makers have the tools, supplies, and know-how to help with light costume repairs. With ample supplies and plenty of know-how, the Matsuricon Cosplay Repair Room has just about everything attendees need to touch up or mend a cosplay. Our staff can answer questions, offer solutions, and help find the right tools for the repair.",https://www.eventeny.com/events/schedule/?id=23176&session=107311
107302,Registration,"September 5, 2026",Sat,9:00 AM,9:00 PM,2026-09-05T09:00:00,2026-09-05T21:00:00,America/New_York,Nationwide,Registration,,,active,,https://www.eventeny.com/events/schedule/?id=23176&session=107302
107643,English Dubs You’ve Never Heard of,"September 5, 2026",Sat,9:30 AM,10:30 AM,2026-09-05T09:30:00,2026-09-05T10:30:00,America/New_York,A110-113,Panels 2,,,active,There is another dub of Spy x Family? FIVE of Shin-chan!? Find these and other favourites in this panel!,https://www.eventeny.com/events/schedule/?id=23176&session=107643
107673,What in the Wattpad 18+,"September 5, 2026",Sat,9:45 AM,10:45 AM,2026-09-05T09:45:00,2026-09-05T10:45:00,America/New_York,Union,Arcade,18+; 18+; Gaming; Gaming; Tournament; Tournament,,active,,https://www.eventeny.com/events/schedule/?id=23176&session=107673
107051,No Sew?No Problem!,"September 5, 2026",Sat,10:00 AM,11:00 AM,2026-09-05T10:00:00,2026-09-05T11:00:00,America/New_York,A114-115,Panels 3,,,active,This panel is designed to be a support group of sorts for those of us who can't sew. Here you will learn how to work around an inability to sew your cosplays and still pursue an outfit with confidence!,https://www.eventeny.com/events/schedule/?id=23176&session=107051
106986,The Art of Cute K-Bo,"September 5, 2026",Sat,10:00 AM,11:30 AM,2026-09-05T10:00:00,2026-09-05T11:30:00,America/New_York,Delaware,Panels 1,Guest Panel,,active,"Learn the science of making things adorable under a trained master of all things soft, squishy, and sweet. A fun and humor-filled drawing workshop with artist Kevin Bolk (I'm My Own Mascot, Ensign Sue Must Die!). Just try not to get cavities.",https://www.eventeny.com/events/schedule/?id=23176&session=106986
107305,Exhibit Hall,"September 5, 2026",Sat,10:00 AM,6:00 PM,2026-09-05T10:00:00,2026-09-05T18:00:00,America/New_York,Exhibit Hall,Exhibit Hall,,,active,,https://www.eventeny.com/events/schedule/?id=23176&session=107305
107125,Charity Cainmail 101,"September 5, 2026",Sat,10:00 AM,12:00 PM,2026-09-05T10:00:00,2026-09-05T12:00:00,America/New_York,Fairfield,Workshop,,,active,Come join Wolf the charity viking and learn how to make your own chainmail and take your own weaved braclet home with you. For $20 you will learn 2 seperate chainmail weaves and be able to take all the rings home with you. All proceeds are fo to the Masuricon Charity.,https://www.eventeny.com/events/schedule/?id=23176&session=107125
107324,Adventure Room,"September 5, 2026",Sat,10:00 AM,3:00 PM,2026-09-05T10:00:00,2026-09-05T15:00:00,America/New_York,Garfield,Escape Room,Interactive,,active,"Step into a living fantasy world where your choices, abilities, and teamwork shape the story. In ARC Fantasy, you create a character with unique powers that determine how you explore, solve puzzles, and uncover secrets."" Smartphones are used to access character abilities. Each game last one hour per group and is free to badge holders. Sign up using the link below or sign up by scanning the QR code at Garfield. Link to sign up page: https://ti.to/experimental-gamer/arcfantasy-matusircon-2026 Note: Not ready to book? Visit the FREE Tavern located in Garfield to try it out first.",https://www.eventeny.com/events/schedule/?id=23176&session=107324
107328,Manga Lounge,"September 5, 2026",Sat,10:00 AM,6:00 PM,2026-09-05T10:00:00,2026-09-05T18:00:00,America/New_York,Madison,Manga Lounge,Interactive,,active,"With more than 4,000 titles, a massive selection of figures and statues, and even more to discover, Otaku Manga Lounge is a destination for anime and manga fans. Stop by the Manga Library to read from more than 1,000 titles, then check them out in the Exhibitor Hall.",https://www.eventeny.com/events/schedule/?id=23176&session=107328
107144,In the Name of the Moon: Magical Girl Ballet Class,"September 5, 2026",Sat,10:00 AM,11:00 AM,2026-09-05T10:00:00,2026-09-05T11:00:00,America/New_York,McKinley,Movement Room,,,active,"Live out your dreams of being a beautiful, graceful magical girl through ballet! Whether you’ve never touched a ballet barre in your life or you’re a seasoned pro, this class will cater to dancers of all levels using the soundtrack to Sailor Moon.",https://www.eventeny.com/events/schedule/?id=23176&session=107144
107683,"In Neotokyo, Credits Own You! (Big Eyes, Small Mouth)","September 5, 2026",Sat,10:00 AM,2:00 PM,2026-09-05T10:00:00,2026-09-05T14:00:00,America/New_York,Morrow,RPG,Gaming; Gaming,,active,,https://www.eventeny.com/events/schedule/?id=23176&session=107683
107687,Lancer: Operation Stormfront (Lancer),"September 5, 2026",Sat,10:00 AM,2:00 PM,2026-09-05T10:00:00,2026-09-05T14:00:00,America/New_York,Morrow,RPG,Gaming; Gaming,,active,,https://www.eventeny.com/events/schedule/?id=23176&session=107687
107681,Miniature Paint & Take,"September 5, 2026",Sat,10:00 AM,10:00 PM,2026-09-05T10:00:00,2026-09-05T22:00:00,America/New_York,Morrow,RPG,Gaming; Gaming,,active,,https://www.eventeny.com/events/schedule/?id=23176&session=107681
107334,Matsuri Ink,"September 5, 2026",Sat,10:00 AM,12:00 AM,2026-09-05T10:00:00,2026-09-06T00:00:00,America/New_York,Ohio Board Room,Matsuri Ink,Interactive,,active,"Whether you are a tattoo enthusiast or simply curious about the artistry, Matsuri Ink is your chance to explore remarkable designs, meet talented artists, and find inspiration for your own creative journey.",https://www.eventeny.com/events/schedule/?id=23176&session=107334
107257,Around the wold in 40 snacks,"September 5, 2026",Sat,10:00 AM,11:00 AM,2026-09-05T10:00:00,2026-09-05T11:00:00,America/New_York,Union Ballroom,Main Events 1,Guest Panel,,active,Have a seat and watch SungWon Cho munch his way around the world. We've got 40 unique snacks from 40 different countries around the world.,https://www.eventeny.com/events/schedule/?id=23176&session=107257
107102,Vocaloid Jeopardy!,"September 5, 2026",Sat,10:15 AM,11:15 AM,2026-09-05T10:15:00,2026-09-05T11:15:00,America/New_York,A123-124,Panels 5,,,active,Do you think you know Vocaloid/V-Synth songs? Test your knowledge here!,https://www.eventeny.com/events/schedule/?id=23176&session=107102
107278,Working in the Modern Gaming Industry,"September 5, 2026",Sat,10:15 AM,11:15 AM,2026-09-05T10:15:00,2026-09-05T11:15:00,America/New_York,Regency Ballroom,Main Events 2,Guest Panel,,active,"For anyone curious about what steps it might take to journey into a career in Gaming, I'll be sharing the story of my own experiences. From educational background to present-day responsibilities as a professional and mentor, I want to share an opportunity to give guidance. This panel will also include a brief Q&A session at the end for questions about careers in the Gaming Industry.",https://www.eventeny.com/events/schedule/?id=23176&session=107278
107008,To Isekai or not?,"September 5, 2026",Sat,10:45 AM,11:45 AM,2026-09-05T10:45:00,2026-09-05T11:45:00,America/New_York,A110-113,Panels 2,,,active,Talk about some favorite isekai's. What makes a great Isekai? What other Isekai would people like to see in the future?,https://www.eventeny.com/events/schedule/?id=23176&session=107008
107314,Go Room,"September 5, 2026",Sat,11:00 AM,2:00 PM,2026-09-05T11:00:00,2026-09-05T14:00:00,America/New_York,A126,Go Room,Interactive,,active,,https://www.eventeny.com/events/schedule/?id=23176&session=107314
107331,Photo Arena,"September 5, 2026",Sat,11:00 AM,6:00 PM,2026-09-05T11:00:00,2026-09-05T18:00:00,America/New_York,Eisenman,Photo Arena,Interactive,,active,,https://www.eventeny.com/events/schedule/?id=23176&session=107331
107393,Hetalia Photoshoot,"September 5, 2026",Sat,11:00 AM,12:00 PM,2026-09-05T11:00:00,2026-09-05T12:00:00,America/New_York,Harrison,Photoshoots,Meetup; Interactive,,active,Come in your best look and snap some pics with fellow fans!,https://www.eventeny.com/events/schedule/?id=23176&session=107393
107690,Moorland Scherzo (Cthulhu Dreamt),"September 5, 2026",Sat,11:00 AM,3:00 PM,2026-09-05T11:00:00,2026-09-05T15:00:00,America/New_York,Morrow,RPG,Gaming; Gaming,,active,,https://www.eventeny.com/events/schedule/?id=23176&session=107690
107319,Convention Foam Fighting (CFF),"September 5, 2026",Sat,11:00 AM,3:00 PM,2026-09-05T11:00:00,2026-09-05T15:00:00,America/New_York,Taft A/B,CFF,Interactive,,active,"Step into a live fantasy battle where foam weapons, fast-moving action, and beginner-friendly coaching turn every attendee into part of the adventure. Convention Foam Fighting is a live-action entertainment group that combines the excitement of fantasy combat with accessible, safety-minded gameplay. Participants play at no additional cost beyond their convention badge, and every piece of equipment is provided so newcomers can step straight into the action. Entertainers and coaches keep the experience welcoming, energetic, and easy to learn while building a community around the shared thrill of an unforgettable battle.",https://www.eventeny.com/events/schedule/?id=23176&session=107319
107368,Flamecraft Learn to Play,"September 5, 2026",Sat,11:00 AM,1:00 PM,2026-09-05T11:00:00,2026-09-05T13:00:00,America/New_York,Taft C/D,Tabletop Gaming,Gaming; Learn to Play,,active,"Artisan dragons, the smaller and magically talented versions of their larger (and destructive) cousins, are sought by shopkeepers so that they may delight customers with their flamecraft. You are a Flamekeeper, skilled in the art of conversing with dragons, placing them in their ideal home and using enchantments to entice them to produce wondrous things. Your reputation will grow as you aid the dragons and shopkeepers, and the Flamekeeper with the most reputation will be known as the Master of Flamecraft. - 1-5 players",https://www.eventeny.com/events/schedule/?id=23176&session=107368
107381,Mahjong,"September 5, 2026",Sat,11:00 AM,12:00 AM,2026-09-05T11:00:00,2026-09-06T00:00:00,America/New_York,Taft C/D,Tabletop Gaming,Gaming; Learn to Play,,active,,https://www.eventeny.com/events/schedule/?id=23176&session=107381
107365,Slay the Spire Learn to Play,"September 5, 2026",Sat,11:00 AM,2:00 PM,2026-09-05T11:00:00,2026-09-05T14:00:00,America/New_York,Taft C/D,Tabletop Gaming,Gaming; Learn to Play,,active,"A co-operative deck-building, dungeon-crawling adventure. Craft a unique deck, encounter bizarre creatures, discover relics of immense power, and finally become strong enough to slay the Spire! - 1-4 players",https://www.eventeny.com/events/schedule/?id=23176&session=107365
107644,Beyblade Burst Series Tournament MTG Un-Commander Tournament Lorcana Tournament,"September 5, 2026",Sat,11:00 AM,1:00 PM,2026-09-05T11:00:00,2026-09-05T13:00:00,America/New_York,Windows,CCG,Gaming; Tournament,,active,,https://www.eventeny.com/events/schedule/?id=23176&session=107644
107653,Lorcana Tournament,"September 5, 2026",Sat,11:00 AM,1:00 PM,2026-09-05T11:00:00,2026-09-05T13:00:00,America/New_York,Windows,CCG,Gaming; Tournament,,active,,https://www.eventeny.com/events/schedule/?id=23176&session=107653
107131,Introduction to Battle Century G,"September 5, 2026",Sat,11:15 AM,12:15 PM,2026-09-05T11:15:00,2026-09-05T12:15:00,America/New_York,A114-115,Panels 3,,,active,"Ever wanted to pilot a giant robot on the tabletop? Now you can! This panel is all about the game Battle Century G and its highly customizable approach to giant robot combat. Learn all about how to build, pilot, and fight with the mech of your dreams!",https://www.eventeny.com/events/schedule/?id=23176&session=107131
107078,Paranormal Japan 101,"September 5, 2026",Sat,11:15 AM,12:15 PM,2026-09-05T11:15:00,2026-09-05T12:15:00,America/New_York,A120-122,Panels 4,,,active,"Fundamentals of Japanese yurei spirits will be introduced along with famous haunted sites, evidence of actual ghost caught on tape, and anecdotal stories based on true events. A must for those interested in Japanese horror. You’ll also have a chance to share your own paranormal experience too! All are welcome!",https://www.eventeny.com/events/schedule/?id=23176&session=107078
107145,18+ Tomodachi Life Meetup & Mii Exchange,"September 5, 2026",Sat,11:15 AM,12:00 PM,2026-09-05T11:15:00,2026-09-05T12:00:00,America/New_York,McKinley,Movement Room,18+,,active,Bring your Nintendo Switch and creativity to exchange custom content in Tomodachi Life: Living the Dream the old fashioned way.,https://www.eventeny.com/events/schedule/?id=23176&session=107145
107103,TWICE: One in a Million,"September 5, 2026",Sat,11:30 AM,12:30 PM,2026-09-05T11:30:00,2026-09-05T12:30:00,America/New_York,A123-124,Panels 5,,,active,"Have you been curious about K-Pop, but not sure where to start? Looking for a new group to get into? Have you wondered who that group is at the end of K-Pop Demon Hunters? Do you consider yourself to be ONCE? Then may we introduce to you TWICE. Come join us as we introduce you to the members and music of one of the world's most popular K-Pop Groups. From their origins to becoming global icons, let's talk about a group that will make you Feel Special. All who attend can get a set of TWICE Ribbons.",https://www.eventeny.com/events/schedule/?id=23176&session=107103
106987,The Philosophy of Frieren: Beyond Journey’s End,"September 5, 2026",Sat,11:45 AM,12:45 PM,2026-09-05T11:45:00,2026-09-05T12:45:00,America/New_York,Delaware,Panels 1,,,active,"What happens when the quest is over? When ages have gone and your comrades have passed into history and legend? These are the questions our immaculate heroine Frieren must face! Come explore this profoundly deep and meaningful journey beyond the end, where we find the true meaning of life!",https://www.eventeny.com/events/schedule/?id=23176&session=106987
107009,Best Bean Bracket!,"September 5, 2026",Sat,12:00 PM,1:00 PM,2026-09-05T12:00:00,2026-09-05T13:00:00,America/New_York,A110-113,Panels 2,,,active,We all have our favorite characters. The ones who are most precious. The ones who are most worthy of protection at all cost. Imagine if we took these characters and we paired them up in a bracket style tournament based on audience vote. Who would emerge victorious as the best bean? Come join us and help us decide!,https://www.eventeny.com/events/schedule/?id=23176&session=107009
107668,Super Smash Brothers Ultimate 1v1,"September 5, 2026",Sat,12:00 PM,3:30 PM,2026-09-05T12:00:00,2026-09-05T15:30:00,America/New_York,Franklin,Video Gaming,Gaming; Gaming; Tournament; Tournament,,active,,https://www.eventeny.com/events/schedule/?id=23176&session=107668
107394,Critical Role Photoshoot,"September 5, 2026",Sat,12:00 PM,1:00 PM,2026-09-05T12:00:00,2026-09-05T13:00:00,America/New_York,Harrison,Photoshoots,Meetup; Interactive,,active,Come in your best look and snap some pics with fellow fans!,https://www.eventeny.com/events/schedule/?id=23176&session=107394
107713,Giant Kerplunk,"September 5, 2026",Sat,12:00 PM,1:00 PM,2026-09-05T12:00:00,2026-09-05T13:00:00,America/New_York,McKinley,Movement Room,Interactive,,active,"Come have fun playing Giant Kerplunk!—an oversized twist on the classic family game everyone loves! KerPlunk is a fast-paced game of suspense and strategy that players of all ages can enjoy. Take turns carefully removing sticks from the tube without making any of the balls fall- The person who collects the least amount of fallen balls, wins! All attendees who participate will receive a movement room ribbon and a Matsuricon button!",https://www.eventeny.com/events/schedule/?id=23176&session=107713
107694,Monster Hunter: Crimson Wings (D&D 5e: Monster Hunter),"September 5, 2026",Sat,12:00 PM,4:00 PM,2026-09-05T12:00:00,2026-09-05T16:00:00,America/New_York,Morrow,RPG,Gaming; Gaming,,active,,https://www.eventeny.com/events/schedule/?id=23176&session=107694
107345,Monster of the Week… but it’s the 90’s (Monster of the Week),"September 5, 2026",Sat,12:00 PM,4:30 PM,2026-09-05T12:00:00,2026-09-05T16:30:00,America/New_York,Morrow,RPG,Gaming,,active,,https://www.eventeny.com/events/schedule/?id=23176&session=107345
107279,Mind Magic with Joshua Seth,"September 5, 2026",Sat,12:00 PM,1:00 PM,2026-09-05T12:00:00,2026-09-05T13:00:00,America/New_York,Regency Ballroom,Main Events 2,Guest Panel; Concert/Show,,active,"""Direct from Las Vegas! Get ready for an unforgettable evening of laughter and amazement with Mentalist Joshua Seth.nnCombining mind-blowing mindreading with clean comedy and storytelling, Mind Magic LIVE is a night you’ll never forget ? Experience the Impossible LIVE!nn“A Highly Interactive, Genuinely Amazing and Flat-Out Funny evening of Laughter and Mystery Unlike Any Other Show Touring the Country Today.”n- BROADWAY WORLD""",https://www.eventeny.com/events/schedule/?id=23176&session=107279
107372,Cards Against Humanity Let’s Play,"September 5, 2026",Sat,12:00 PM,3:00 PM,2026-09-05T12:00:00,2026-09-05T15:00:00,America/New_York,Taft C/D,Tabletop Gaming,Gaming,,active,Come join the party and earn some Awesome points! Are you the funniest one at the table? Will you earn the most Awesome points? - 4 - 30 players,https://www.eventeny.com/events/schedule/?id=23176&session=107372
107375,Immediate Murder Professionals: Helluva Boss Board Game Learn to Play,"September 5, 2026",Sat,12:00 PM,3:00 PM,2026-09-05T12:00:00,2026-09-05T15:00:00,America/New_York,Taft C/D,Tabletop Gaming,Gaming; Learn to Play,,active,"You’re part of I.M.P. - The Immediate Murder Professionals. Compete with rivals to snatch the juiciest souls while chaos from the Hellaverse crashes in. Your Asmodean crystal lets you reach into the mortal realm, but the portal is fickle, twisted by spells, sabotage, and nasty IMP-terruptions from your rivals. When five summon cards hit, the portal slams shut, and everyone is sucked back to hell. Only one killer comes out on top. Will it be you? - 2-4 players",https://www.eventeny.com/events/schedule/?id=23176&session=107375
107258,Jfashion Show,"September 5, 2026",Sat,12:00 PM,1:00 PM,2026-09-05T12:00:00,2026-09-05T13:00:00,America/New_York,Union Ballroom,Main Events 1,Concert/Show,,active,"A J-Fashion showcase at the Main Events stage featuring Egglien, Night Whisper Lolita, John V Salvino, A Gato Designs and Puvithel!",https://www.eventeny.com/events/schedule/?id=23176&session=107258
107647,Pokemon Expanded Tournament,"September 5, 2026",Sat,12:00 PM,2:00 PM,2026-09-05T12:00:00,2026-09-05T14:00:00,America/New_York,Windows,CCG,Gaming; Tournament,,active,,https://www.eventeny.com/events/schedule/?id=23176&session=107647
107053,The Giant Robot Anime Panel,"September 5, 2026",Sat,12:30 PM,1:30 PM,2026-09-05T12:30:00,2026-09-05T13:30:00,America/New_York,A114-115,Panels 3,,,active,"This will be a crash course on fifty years of mecha anime history. The origins, the creators, and focus on lasting classics and new favorites. There's room for a cool robot in any kind of story, so come find the one that catches your imagination!",https://www.eventeny.com/events/schedule/?id=23176&session=107053
107079,18+ Single 2D Men In Your Area,"September 5, 2026",Sat,12:30 PM,1:30 PM,2026-09-05T12:30:00,2026-09-05T13:30:00,America/New_York,A120-122,Panels 4,18+,,active,"Dating is hard, but a Steam purchase is easy! Join this panel all about the digital heartthrobs we know and love, as we discuss the best, worst, and spiciest English romance visual novels money can buy! From officially translated works to indie darlings, there's a husbando out there, just for you (and a yandere or two).",https://www.eventeny.com/events/schedule/?id=23176&session=107079
107126,DIY Leathercraft: Leather Cat Ears,"September 5, 2026",Sat,12:30 PM,1:30 PM,2026-09-05T12:30:00,2026-09-05T13:30:00,America/New_York,Fairfield,Workshop,,,active,"Unleash your inner kitty meow meow! In this panel, we’ll teach the basics of leatherworking, and guide you through making a pair of leather cat ears you can wear home. There will be a 25 USD materials fee (cash or card), but any are welcome to watch.",https://www.eventeny.com/events/schedule/?id=23176&session=107126
107104,Deaf characters in media,"September 5, 2026",Sat,12:45 PM,1:45 PM,2026-09-05T12:45:00,2026-09-05T13:45:00,America/New_York,A123-124,Panels 5,,,active,"This panel will talk about deaf character/ culture in all types of media from anime like a silent voice to cartoons, comics, movies, books and even tv shows.",https://www.eventeny.com/events/schedule/?id=23176&session=107104
106988,The Amazing Digital Circus Jeopardy!!,"September 5, 2026",Sat,1:00 PM,2:30 PM,2026-09-05T13:00:00,2026-09-05T14:30:00,America/New_York,Delaware,Panels 1,,,active,Welcome to the amazing digital circus jeopardy game! Come test your knowledge on everything having to do with the amazing digital circus. Win some cool prizes and see how much you remember from this fantastic show.,https://www.eventeny.com/events/schedule/?id=23176&session=106988
107395,Jujutsu Kaisen Photoshoot,"September 5, 2026",Sat,1:00 PM,2:00 PM,2026-09-05T13:00:00,2026-09-05T14:00:00,America/New_York,Harrison,Photoshoots,Meetup; Interactive,,active,Come in your best look and snap some pics with fellow fans!,https://www.eventeny.com/events/schedule/?id=23176&session=107395
107714,Free Play,"September 5, 2026",Sat,1:00 PM,2:00 PM,2026-09-05T13:00:00,2026-09-05T14:00:00,America/New_York,McKinley,Movement Room,Interactive,,active,"Visit the Movement Room during Free Play hours to enjoy access (with badge) to several classical games.. But in giant form! We have Giant Jenga, Giant Connect 4, Giant Yahtzee, Giant Sorry, Giant Uno and more! We are confident that there will be something fun for everyone here in the Movement Room, so stop on by!",https://www.eventeny.com/events/schedule/?id=23176&session=107714
107347,King For A Day (Daggerheart),"September 5, 2026",Sat,1:00 PM,4:00 PM,2026-09-05T13:00:00,2026-09-05T16:00:00,America/New_York,Morrow,RPG,Gaming,,active,,https://www.eventeny.com/events/schedule/?id=23176&session=107347
107697,Merit Badges of Everglow Forest (Wyrdscouts),"September 5, 2026",Sat,1:00 PM,5:00 PM,2026-09-05T13:00:00,2026-09-05T17:00:00,America/New_York,Morrow,RPG,Gaming; Gaming,,active,,https://www.eventeny.com/events/schedule/?id=23176&session=107697
107369,Dice Throne Tournament,"September 5, 2026",Sat,1:00 PM,3:00 PM,2026-09-05T13:00:00,2026-09-05T15:00:00,America/New_York,Taft C/D,Tabletop Gaming,Gaming; Tournament,,active,"A fast-paced 2-6 player combat game, whether 1v1, 2v2, 3v3, 2v2v2, or free-for-all. Select from a variety of heroes that play and feel completely distinct from one another. Attack opponents and activate abilities by rolling your hero's unique set of five dice. Accumulate combat points and spend them on cards that have a large range of effects, such as granting permanent hero upgrades, applying status effects, and manipulating dice directly whether yours, your teammate's, or even your opponent's. - 2-6 players",https://www.eventeny.com/events/schedule/?id=23176&session=107369
107010,"TWICE, the Japan Discography","September 5, 2026",Sat,1:15 PM,2:15 PM,2026-09-05T13:15:00,2026-09-05T14:15:00,America/New_York,A110-113,Panels 2,,,active,"TWICE is one of the world's biggest K-Pop groups, but did you know they also have a discography of music in Japan. Join us as we take a dive into the Japanese discography, from their first entry, to their exploding popularity, and the rise of MISAMO. Attendees can earn a special TWICE Japan ribbon.",https://www.eventeny.com/events/schedule/?id=23176&session=107010
107127,DIY Leathercraft: Leather Dice Bags,"September 5, 2026",Sat,1:30 PM,2:30 PM,2026-09-05T13:30:00,2026-09-05T14:30:00,America/New_York,Fairfield,Workshop,,,active,"Want to make a custom bag for all of your math rocks? In this workshop, we will teach you the basics of leatherworking, and leave you with a small dice bag crafted by your own hands. There will be a 25 dollar materials fee (cash or card) to participate, but any may observe for free.",https://www.eventeny.com/events/schedule/?id=23176&session=107127
107274,Trash Talk: The Voices of Gachiakuta,"September 5, 2026",Sat,1:30 PM,2:30 PM,2026-09-05T13:30:00,2026-09-05T14:30:00,America/New_York,Union Ballroom,Main Events 1,Guest Panel,,active,"Who said trash can't be treasure? Dig through the junkyard of behind-the-scenes stories with the English cast of Gachiakuta! Join Bryson Baugus, Corey Wilder, and Katie Caruso as they sift through memorable moments from the recording booth, share the dumpster-load of work that goes into bringing their characters to life, and answer your burning questions. Expect laughs, voice acting stories, fan Q&A, and maybe a little glorious chaos along the way!",https://www.eventeny.com/events/schedule/?id=23176&session=107274
107054,Learn From MY Mistakes,"September 5, 2026",Sat,1:45 PM,2:45 PM,2026-09-05T13:45:00,2026-09-05T14:45:00,America/New_York,A114-115,Panels 3,,,active,"""We all know that we can learn so much from our mistakes - but who has time for that? Come learn from MY mistakes! In this panel I will showcase my cosplay mistakes over the last 10+ years, what I learned from them and how I applied that knowledge later. We'll touch on design & construction failures, fabric choices, wigs and quick fixes while at events. """"Failure"""" is not a bad word - it's simply a chance to learn something new!""",https://www.eventeny.com/events/schedule/?id=23176&session=107054
107080,THE Just Roll With It Panel,"September 5, 2026",Sat,1:45 PM,2:45 PM,2026-09-05T13:45:00,2026-09-05T14:45:00,America/New_York,A120-122,Panels 4,,,active,"Just Roll With It is an absurdly funny TTRPG podcast with multiple campaigns, stories, and bits that will make you say “WOW that’s absurdly funny!” That aside, the panel will have some minor spoilers as we discuss characters, lore, and everything in between.",https://www.eventeny.com/events/schedule/?id=23176&session=107080
107280,Roxie Drag Show,"September 5, 2026",Sat,1:45 PM,3:00 PM,2026-09-05T13:45:00,2026-09-05T15:00:00,America/New_York,Regency Ballroom,Main Events 2,Concert/Show,,active,"Dust off your cape and adjust your crown! Roxie D. Mocracy is bringing a high-energy, family-friendly drag spectacle that fuses the magic of drag with all your favorite geeky fandoms.",https://www.eventeny.com/events/schedule/?id=23176&session=107280
107105,Kpop Khaos (Jeopardy),"September 5, 2026",Sat,2:00 PM,3:30 PM,2026-09-05T14:00:00,2026-09-05T15:30:00,America/New_York,A123-124,Panels 5,Event; Interactive,,active,,https://www.eventeny.com/events/schedule/?id=23176&session=107105
107396,All Fandoms Photoshoot,"September 5, 2026",Sat,2:00 PM,3:00 PM,2026-09-05T14:00:00,2026-09-05T15:00:00,America/New_York,Harrison,Photoshoots,Meetup; Interactive,,active,Come in your best look and snap some pics with fellow fans!,https://www.eventeny.com/events/schedule/?id=23176&session=107396
107397,One Piece Photoshoot,"September 5, 2026",Sat,2:00 PM,3:00 PM,2026-09-05T14:00:00,2026-09-05T15:00:00,America/New_York,Harrison,Photoshoots,Meetup; Interactive,,active,Come in your best look and snap some pics with fellow fans!,https://www.eventeny.com/events/schedule/?id=23176&session=107397
107715,Hungry Hungry Hippos,"September 5, 2026",Sat,2:00 PM,3:00 PM,2026-09-05T14:00:00,2026-09-05T15:00:00,America/New_York,McKinley,Movement Room,Interactive,,active,"Ever wanted to play Hungry Hungry Hippos but actually BE the hippo? Well now’s your chance! A total of four attendees can play as a hippo at once while four other attendees will be assisting their hippos. The first team to collect the most ball pit balls in their basket, wins! All attendees who participate will receive a movement room ribbon and a Matsuricon button!",https://www.eventeny.com/events/schedule/?id=23176&session=107715
107349,Dessicatia Day Disaster (Open Legend RPG),"September 5, 2026",Sat,2:00 PM,6:00 PM,2026-09-05T14:00:00,2026-09-05T18:00:00,America/New_York,Morrow,RPG,Gaming,,active,,https://www.eventeny.com/events/schedule/?id=23176&session=107349
107699,"Good Morning, Lancer - Into the Fire (Lancer)","September 5, 2026",Sat,2:00 PM,6:00 PM,2026-09-05T14:00:00,2026-09-05T18:00:00,America/New_York,Morrow,RPG,Gaming; Gaming,,active,,https://www.eventeny.com/events/schedule/?id=23176&session=107699
107701,Rescue Ribbons: Deadly Airport (Daggerheart),"September 5, 2026",Sat,2:00 PM,6:00 PM,2026-09-05T14:00:00,2026-09-05T18:00:00,America/New_York,Morrow,RPG,Gaming; Gaming,,active,,https://www.eventeny.com/events/schedule/?id=23176&session=107701
107379,Cyberpunk 2077: Gangs of Night City Learn to Play,"September 5, 2026",Sat,2:00 PM,5:00 PM,2026-09-05T14:00:00,2026-09-05T17:00:00,America/New_York,Taft C/D,Tabletop Gaming,Gaming; Learn to Play,,active,"Players take on the role of ruthless gangs vying for control of the underground in the glittering hellhole that is Night City. Clash with other Gangs in the meat or on the Net, as your enterprising band of toughs seeks to gain dominance over the criminal underworld that rules the streets. Only the boldest will be remembered, and your Street Cred will pave your way to the top. - 1-5 players",https://www.eventeny.com/events/schedule/?id=23176&session=107379
107366,Pogs Learn to Play,"September 5, 2026",Sat,2:00 PM,5:00 PM,2026-09-05T14:00:00,2026-09-05T17:00:00,America/New_York,Taft C/D,Tabletop Gaming,Gaming; Learn to Play,,active,Take a trip back to the 90s and get your milk caps (pogs) ready! Who can flip the most milk cap over and take the win each round? - No Limit,https://www.eventeny.com/events/schedule/?id=23176&session=107366
107012,18+ Anime Under the Radar,"September 5, 2026",Sat,2:30 PM,4:00 PM,2026-09-05T14:30:00,2026-09-05T16:00:00,America/New_York,A110-113,Panels 2,18+,,active,"There's a lot of anime out there, and only so much time to watch! Sometimes the best shows slip through the cracks, but have no fear - this panel is all about recommending underrated and overlooked series, movies, and manga you may have missed! Swing by and win prizes for knowing the unknown! Note: media containing mature themes will be featured, but this is not a hentai panel.",https://www.eventeny.com/events/schedule/?id=23176&session=107012
107128,DIY Leathercraft: Leather Collars,"September 5, 2026",Sat,2:30 PM,3:30 PM,2026-09-05T14:30:00,2026-09-05T15:30:00,America/New_York,Fairfield,Workshop,,,active,"In this panel, we will teach you the basics of leatherworking and guide you through making a personalized leather collar. There will be a 25 dollar materials fee (cash or card) to participate, but any may observe for free.",https://www.eventeny.com/events/schedule/?id=23176&session=107128
107055,The World of Remnant: Fairy Tales & Myths in RWBY,"September 5, 2026",Sat,3:00 PM,4:00 PM,2026-09-05T15:00:00,2026-09-05T16:00:00,America/New_York,A114-115,Panels 3,,,active,Join an academic librarian and their friends as they uncover the classic myths and fairy tales that inspired the characters of RWBY.,https://www.eventeny.com/events/schedule/?id=23176&session=107055
107081,18+ Hellaverse Jeopardy,"September 5, 2026",Sat,3:00 PM,4:00 PM,2026-09-05T15:00:00,2026-09-05T16:00:00,America/New_York,A120-122,Panels 4,18+,,active,"Come join a fun game of Jeopardy all about the hellaverse. We will have questions from both the Hazbin hotel and Helluva boss series. Where you can win points, prizes and just have a really fun time learning new facts about the franchise we all love.",https://www.eventeny.com/events/schedule/?id=23176&session=107081
107315,Go Room,"September 5, 2026",Sat,3:00 PM,5:00 PM,2026-09-05T15:00:00,2026-09-05T17:00:00,America/New_York,A127,Go Room,Interactive,,active,Come Play GO!!nGo is an ancient two-player abstract strategy board game where the main goal is to control more territory than your opponent by placing stones on a grid.,https://www.eventeny.com/events/schedule/?id=23176&session=107315
106989,Charity Auction,"September 5, 2026",Sat,3:00 PM,5:00 PM,2026-09-05T15:00:00,2026-09-05T17:00:00,America/New_York,Delaware,Panels 1,Event; Interactive,,active,"Every year we have an auction to collect money for our donation to Ohio State University’s The James Comprehensive Cancer Center. We collect some of the coolest swag we can find and get names from the industry to sign them and make them even cooler, then we auction them off to you! TO DATE WE HAVE RAISED OVER $128,000!",https://www.eventeny.com/events/schedule/?id=23176&session=106989
107398,Demon Slayer Photoshoot,"September 5, 2026",Sat,3:00 PM,4:00 PM,2026-09-05T15:00:00,2026-09-05T16:00:00,America/New_York,Harrison,Photoshoots,Meetup; Interactive,,active,Come in your best look and snap some pics with fellow fans!,https://www.eventeny.com/events/schedule/?id=23176&session=107398
107654,Miniature Painting with Maid to Be,"September 5, 2026",Sat,3:00 PM,4:00 PM,2026-09-05T15:00:00,2026-09-05T16:00:00,America/New_York,Marion,Maid to Be,Gaming; Interactive,,active,"Join Maid to Be for an hour of Bardic Inspiration! New and Experienced adventurers alike are provided miniatures, supplies, and guidance for painting a tabletop mini. A good relaxing session to unwind and level up artistic skills!",https://www.eventeny.com/events/schedule/?id=23176&session=107654
107716,Free Play,"September 5, 2026",Sat,3:00 PM,4:00 PM,2026-09-05T15:00:00,2026-09-05T16:00:00,America/New_York,McKinley,Movement Room,Interactive,,active,"Visit the Movement Room during Free Play hours to enjoy access (with badge) to several classical games.. But in giant form! We have Giant Jenga, Giant Connect 4, Giant Yahtzee, Giant Sorry, Giant Uno and more! We are confident that there will be something fun for everyone here in the Movement Room, so stop on by!",https://www.eventeny.com/events/schedule/?id=23176&session=107716
107684,A Symphony for the Submerged (City of Mist),"September 5, 2026",Sat,3:00 PM,6:00 PM,2026-09-05T15:00:00,2026-09-05T18:00:00,America/New_York,Morrow,RPG,Gaming; Gaming,,active,,https://www.eventeny.com/events/schedule/?id=23176&session=107684
107691,Escape From The Circus (D&D 5e),"September 5, 2026",Sat,3:00 PM,7:00 PM,2026-09-05T15:00:00,2026-09-05T19:00:00,America/New_York,Morrow,RPG,Gaming; Gaming,,active,,https://www.eventeny.com/events/schedule/?id=23176&session=107691
107688,Rifts (Rifts),"September 5, 2026",Sat,3:00 PM,7:00 PM,2026-09-05T15:00:00,2026-09-05T19:00:00,America/New_York,Morrow,RPG,Gaming; Gaming,,active,,https://www.eventeny.com/events/schedule/?id=23176&session=107688
107376,Crokinole Learn to Play,"September 5, 2026",Sat,3:00 PM,6:00 PM,2026-09-05T15:00:00,2026-09-05T18:00:00,America/New_York,Taft C/D,Tabletop Gaming,Gaming; Learn to Play,,active,"Players take turns shooting discs across the circular playing surface, trying to land their discs in the higher-scoring regions of the board, particularly the recessed centre hole of 20 points, while also attempting to knock opponents discs off the board or into the ditch. - 2-4 players",https://www.eventeny.com/events/schedule/?id=23176&session=107376
107275,BERRY Live Show,"September 5, 2026",Sat,3:00 PM,3:30 PM,2026-09-05T15:00:00,2026-09-05T15:30:00,America/New_York,Union Ballroom,Main Events 1,Guest Panel; Concert/Show,,active,"How sweet is everyone’s favorite idol? “BERRY” sweet! BERRY is an American-based J-Pop artist that has travelled the world performing her original, upbeat music. Turn your penlights pink and light blue and get ready for the “berry” sweetest show of a lifetime!",https://www.eventeny.com/events/schedule/?id=23176&session=107275
107651,One Piece Tournament Gundam TCG Tournament,"September 5, 2026",Sat,3:00 PM,4:00 PM,2026-09-05T15:00:00,2026-09-05T16:00:00,America/New_York,Windows,CCG,Gaming; Tournament,,active,,https://www.eventeny.com/events/schedule/?id=23176&session=107651
107649,Yu-Gi-Oh! Standard Tournament,"September 5, 2026",Sat,3:00 PM,5:00 PM,2026-09-05T15:00:00,2026-09-05T17:00:00,America/New_York,Windows,CCG,Gaming; Tournament,,active,,https://www.eventeny.com/events/schedule/?id=23176&session=107649
107106,Convention Photography 101,"September 5, 2026",Sat,3:45 PM,4:45 PM,2026-09-05T15:45:00,2026-09-05T16:45:00,America/New_York,A123-124,Panels 5,,,active,"""""""Want to take photos at cons, but don't know how to start? Already taking photos, but interested in how others approach things? Want to have smoother fandom shoot experiences? This panel is your chance to learn! Join a hobbyists photographer with over a decade of experience, as he discusses everything from con etiquette to making the most of the gear you have""""""",https://www.eventeny.com/events/schedule/?id=23176&session=107106
107281,AMV Contest,"September 5, 2026",Sat,3:45 PM,6:00 PM,2026-09-05T15:45:00,2026-09-05T18:00:00,America/New_York,Regency Ballroom,Main Events 2,Event,,active,The Matsuricon V.E.S. AMV Contest is back for our 8th installment. Come watch a showcase of the submissions and even vote on your favorite!,https://www.eventeny.com/events/schedule/?id=23176&session=107281
107129,Resin Flower Jewelry Workshop,"September 5, 2026",Sat,4:00 PM,6:00 PM,2026-09-05T16:00:00,2026-09-05T18:00:00,America/New_York,Fairfield,Workshop,,,active,"Take a break from your regularly scheduled convention activities to learn how to make and craft your own beautiful resin flower. This workshop, taught by professional fabricator and cosplayer StrayCatGee, will give you all the tools and materials required to leave with a flower of your own. Make a cool thing and learn something new, all ages and skill-levels welcome. This is a workshop panel where all materials will be provided: attendees will be charged $20 (card/cash/PayPal/Venmo)",https://www.eventeny.com/events/schedule/?id=23176&session=107129
107669,Dragon Ball FighterZ,"September 5, 2026",Sat,4:00 PM,5:30 PM,2026-09-05T16:00:00,2026-09-05T17:30:00,America/New_York,Franklin,Video Gaming,Gaming; Gaming; Tournament; Tournament,,active,,https://www.eventeny.com/events/schedule/?id=23176&session=107669
107325,Escape Room,"September 5, 2026",Sat,4:00 PM,12:00 AM,2026-09-05T16:00:00,2026-09-06T00:00:00,America/New_York,Garfield,Escape Room,Interactive,,active,,https://www.eventeny.com/events/schedule/?id=23176&session=107325
107400,Devil May Cry Photoshoot,"September 5, 2026",Sat,4:00 PM,5:00 PM,2026-09-05T16:00:00,2026-09-05T17:00:00,America/New_York,Harrison,Photoshoots,Meetup; Interactive,,active,Come in your best look and snap some pics with fellow fans!,https://www.eventeny.com/events/schedule/?id=23176&session=107400
107399,Kigurumi Photoshoot,"September 5, 2026",Sat,4:00 PM,5:00 PM,2026-09-05T16:00:00,2026-09-05T17:00:00,America/New_York,Harrison,Photoshoots,Meetup; Interactive,,active,Come in your best look and snap some pics with fellow fans!,https://www.eventeny.com/events/schedule/?id=23176&session=107399
107655,Miniature Painting with Maid to Be,"September 5, 2026",Sat,4:00 PM,5:00 PM,2026-09-05T16:00:00,2026-09-05T17:00:00,America/New_York,Marion,Maid to Be,Gaming; Interactive,,active,"Join Maid to Be for an hour of Bardic Inspiration! New and Experienced adventurers alike are provided miniatures, supplies, and guidance for painting a tabletop mini. A good relaxing session to unwind and level up artistic skills!",https://www.eventeny.com/events/schedule/?id=23176&session=107655
107717,Cosplay Chess,"September 5, 2026",Sat,4:00 PM,6:00 PM,2026-09-05T16:00:00,2026-09-05T18:00:00,America/New_York,McKinley,Movement Room,Interactive,,active,"We supply the Chess board, you supply the chess pieces! Come participate in our live action chess while dressed as one of your favorite characters! Attendees can also participate by being one of the game masters to help guide their cosplay chess team to victory. Participation Matsuricon themed ribbons and buttons will be given out to those who play.",https://www.eventeny.com/events/schedule/?id=23176&session=107717
107695,The Curious World Within Obijima (D&D 5e: Obijima),"September 5, 2026",Sat,4:00 PM,8:00 PM,2026-09-05T16:00:00,2026-09-05T20:00:00,America/New_York,Morrow,RPG,Gaming; Gaming,,active,,https://www.eventeny.com/events/schedule/?id=23176&session=107695
107645,Bey-Wheelz Bowling,"September 5, 2026",Sat,4:00 PM,6:00 PM,2026-09-05T16:00:00,2026-09-05T18:00:00,America/New_York,Windows,CCG,Gaming,,active,,https://www.eventeny.com/events/schedule/?id=23176&session=107645
107013,From Cosplay to Catwalk: The Intersection of Nerds & Drag Performers,"September 5, 2026",Sat,4:15 PM,5:15 PM,2026-09-05T16:15:00,2026-09-05T17:15:00,America/New_York,A110-113,Panels 2,,,active,What happens when high fantasy meets high fashion? From Cosplay to Catwalk: The Intersection of Nerds & Drag Performers explores the deeply connected worlds of geek culture and drag artistry.,https://www.eventeny.com/events/schedule/?id=23176&session=107013
107056,Anime Fued,"September 5, 2026",Sat,4:15 PM,5:45 PM,2026-09-05T16:15:00,2026-09-05T17:45:00,America/New_York,A114-115,Panels 3,,,active,Fun for the whole family come join us as we play family feud with an anime twiste of course. We will ask volunteers from the audience to make are two teams. So come test out anime knowledge.,https://www.eventeny.com/events/schedule/?id=23176&session=107056
107082,The Most Underrated Sports Anime: Ace of Diamond,"September 5, 2026",Sat,4:15 PM,5:00 PM,2026-09-05T16:15:00,2026-09-05T17:00:00,America/New_York,A120-122,Panels 4,,,active,Still chasing that Blue Lock high? Or maybe you caught the Haikyuu craze in 2020 and are looking for the next best thing? Enter Ace of Diamond: the best sports anime you’ve never heard of—and get ready for it to raise your standards through the roof.,https://www.eventeny.com/events/schedule/?id=23176&session=107082
107276,Cosplay Masquerade,"September 5, 2026",Sat,4:30 PM,7:00 PM,2026-09-05T16:30:00,2026-09-05T19:00:00,America/New_York,Union Ballroom,Main Events 1,Event,,active,"A dazzling and wonderful event for those wanting to show off their hard work on their amazing cosplays and skit performances. You might see some old nostalgic series, some newer ones, maybe even some dancing, singing, and other shenanigans! Bring your penlights, and ready your hands for some intense clapping for the eagerly awaited competition.",https://www.eventeny.com/events/schedule/?id=23176&session=107276
107107,Nat One Presents - D&D&Anime: The Game Show!,"September 5, 2026",Sat,5:00 PM,6:00 PM,2026-09-05T17:00:00,2026-09-05T18:00:00,America/New_York,A123-124,Panels 5,,,active,Ever wondered how it would look if D&D and anime had a crossover? Come to this game show (with Q&A after) for a chance to become your favorite anime character and beat your favorite anime villains with D&D rules!,https://www.eventeny.com/events/schedule/?id=23176&session=107107
107401,Chainsaw Man Phototshoot,"September 5, 2026",Sat,5:00 PM,6:00 PM,2026-09-05T17:00:00,2026-09-05T18:00:00,America/New_York,Harrison,Photoshoots,Meetup; Interactive,,active,Come in your best look and snap some pics with fellow fans!,https://www.eventeny.com/events/schedule/?id=23176&session=107401
107402,EPIC the Musical Photoshoot,"September 5, 2026",Sat,5:00 PM,6:00 PM,2026-09-05T17:00:00,2026-09-05T18:00:00,America/New_York,Harrison,Photoshoots,Meetup; Interactive,,active,Come in your best look and snap some pics with fellow fans!,https://www.eventeny.com/events/schedule/?id=23176&session=107402
107308,Night Market,"September 5, 2026",Sat,5:00 PM,12:00 AM,2026-09-05T17:00:00,2026-09-06T00:00:00,America/New_York,Hayes,Night Market,,,active,"Step into a room inspired by the feeling of a traditional Japanese matsuri. Discover local creativity, linger among the displays, and make time for a few games while the convention night is still young.nDaruma Otoshi (Doll Drop)nnKingyo Sukui (Goldfish Scoop)nnTwo favorites to look for among the Night Market’s rotating festival games.nnMARKET STOP // MAKERSnnMeet Local ArtistsnNight Market experiencenBrowse beautiful art and clever creations from talented artists in a relaxed, after-hours setting.nnEXPLORE THE MARKETnnMARKET STOP // GAMESnnTry Matsuri ClassicsnNight Market experiencenTake on traditional favorites like Daruma Otoshi and Kingyo Sukui, plus more festival-style games.nnPICK UP GAME TICKETSnnMARKET STOP // PRIZESnnPlay to WinnNight Market experiencenEarn tickets at the game stations, then exchange your winnings for a fun prize before the night ends.",https://www.eventeny.com/events/schedule/?id=23176&session=107308
107656,Maid to Be - Board Game Session,"September 5, 2026",Sat,5:00 PM,6:00 PM,2026-09-05T17:00:00,2026-09-05T18:00:00,America/New_York,Marion,Maid to Be,Gaming; Interactive,,active,"Relax and unwind as the colorful cast of the Maid to Be Guild plays a board game together with you! Whether it is a simple party game, or something a bit more heavy-weight, our game library is sure to have something for everyone. Don't know how to play? No worries, our maids and butlers will help guide you. Fair warning though-- some of us don't lose so easily!",https://www.eventeny.com/events/schedule/?id=23176&session=107656
107698,Rigging the Competition (Everyone is John),"September 5, 2026",Sat,5:00 PM,8:00 PM,2026-09-05T17:00:00,2026-09-05T20:00:00,America/New_York,Morrow,RPG,Gaming; Gaming,,active,,https://www.eventeny.com/events/schedule/?id=23176&session=107698
107370,Joking Hazard Let’s Play,"September 5, 2026",Sat,5:00 PM,8:00 PM,2026-09-05T17:00:00,2026-09-05T20:00:00,America/New_York,Taft C/D,Tabletop Gaming,18+; Gaming,,active,"A game in which you compete with your friends and enemies to finish an awful three-panel comic, from a deck of cards with millions of possible combinations. - 3-10 players 18+",https://www.eventeny.com/events/schedule/?id=23176&session=107370
107674,DeathBall 2v2,"September 5, 2026",Sat,5:00 PM,7:30 PM,2026-09-05T17:00:00,2026-09-05T19:30:00,America/New_York,Union,Arcade,Gaming; Gaming; Tournament; Tournament,,active,,https://www.eventeny.com/events/schedule/?id=23176&session=107674
107648,Flesh and Blood Tournament,"September 5, 2026",Sat,5:00 PM,6:00 PM,2026-09-05T17:00:00,2026-09-05T18:00:00,America/New_York,Windows,CCG,Gaming; Tournament,,active,,https://www.eventeny.com/events/schedule/?id=23176&session=107648
107084,18+ Do It For The Vine pt.2 Electric Boogaloo,"September 5, 2026",Sat,5:15 PM,6:15 PM,2026-09-05T17:15:00,2026-09-05T18:15:00,America/New_York,A120-122,Panels 4,18+,,active,We're back and bigger than ever! Join us as we relive the past that is Vine. STAPHHH I COULD'VE DROPPED MY CROSSIANT!,https://www.eventeny.com/events/schedule/?id=23176&session=107084
107242,Next Time on Dragon Ball: Playing With a Manga and Anime Franchise by Vincent Haddad,"September 5, 2026",Sat,5:15 PM,6:15 PM,2026-09-05T17:15:00,2026-09-05T18:15:00,America/New_York,Delaware,Panels 1,Partner Panel,,active,"Next Time on Dragon Ball: Playing With a Manga and Anime Franchise by Vincent HaddadnSince its debut in 1984, Dragon Ball has become one of the most popular, influential, and lucrative media franchises in the world. In Next Time on Dragon Ball, Vincent Haddad investigates how the franchise has maintained huge global demand despite its formulaic plotlines. Examining its exhaustive repetition of storytelling forms across comics, TV series, games, and merchandise, Haddad argues that the convergence of play, fandom, and narrative made Dragon Ball an unlikely success—and a harbinger of broader shifts in the media landscape of franchises from the 1980s to the present.nHaddad conceives of Dragon Ball as a “franchise toy,” a corporate media property that is constantly remixed by its fans in ways that its owners resist but also ultimately embrace: appropriation is essential to the franchise’s popularity. Over the past forty years, Haddad argues, Dragon Ball’s deployment of familiar tropes, cultural references, and narrative forms—from classical Chinese stories and the films of Bruce Lee and Jackie Chan to American franchises like Superman and Star Wars—has invited unique transcultural play. Through diverse examples of how fans use its characters as “playthings,” Haddad shows how Dragon Ball travels across international networked fandoms, highlighting the queer, gendered, and racialized dimensions of this play.nParsing the dynamics of “sites of conflict” between authorized media and fan content, Next Time on Dragon Ball illuminates how fan engagement across the Americas changes the parameters of what a manga and anime franchise is and can be.",https://www.eventeny.com/events/schedule/?id=23176&session=107242
107011,18+ What in the Wattpad,"September 5, 2026",Sat,5:30 PM,6:30 PM,2026-09-05T17:30:00,2026-09-05T18:30:00,America/New_York,A110-113,Panels 2,18+,,active,"What in the Wattpad is going on?! What happened to all the fanfic? Where are all of you creative writers? Well, here's your opportunity to get those creative juices flowing with a short fanfic writing competition.",https://www.eventeny.com/events/schedule/?id=23176&session=107011
107670,Marvel Tokon,"September 5, 2026",Sat,5:45 PM,7:45 PM,2026-09-05T17:45:00,2026-09-05T19:45:00,America/New_York,Franklin,Video Gaming,Gaming; Gaming; Tournament; Tournament,,active,,https://www.eventeny.com/events/schedule/?id=23176&session=107670
107057,Posing for cosplay 101 Scarlett Mafia panels,"September 5, 2026",Sat,6:00 PM,7:30 PM,2026-09-05T18:00:00,2026-09-05T19:30:00,America/New_York,A114-115,Panels 3,,,active,Are you stuck with static cosplay shots? Unsure how to make your image more dynamic. Well fear not join Scarlett Mafia to learn simple posing as well as some more advanced poses from people who have not not only been doing this for an ungodly amount of time but are also published models! We promise to give you some insight to make your cosplay photos pop!,https://www.eventeny.com/events/schedule/?id=23176&session=107057
107711,Badge Ribbon Meetup,"September 5, 2026",Sat,6:00 PM,7:00 PM,2026-09-05T18:00:00,2026-09-05T19:00:00,America/New_York,Harrison,Photoshoots,Meetup,,active,,https://www.eventeny.com/events/schedule/?id=23176&session=107711
107348,Con of the Dead Game (Dread),"September 5, 2026",Sat,6:00 PM,11:00 PM,2026-09-05T18:00:00,2026-09-05T23:00:00,America/New_York,Morrow,RPG,Gaming,,active,,https://www.eventeny.com/events/schedule/?id=23176&session=107348
107685,One Piece: Egghead Testing Protocol (D&D 5e 2024),"September 5, 2026",Sat,6:00 PM,10:00 PM,2026-09-05T18:00:00,2026-09-05T22:00:00,America/New_York,Morrow,RPG,Gaming; Gaming,,active,,https://www.eventeny.com/events/schedule/?id=23176&session=107685
107320,Convention Foam Fighting (CFF),"September 5, 2026",Sat,6:00 PM,10:00 PM,2026-09-05T18:00:00,2026-09-05T22:00:00,America/New_York,Taft A/B,CFF,Interactive,,active,,https://www.eventeny.com/events/schedule/?id=23176&session=107320
107373,Crokinole Tournament,"September 5, 2026",Sat,6:00 PM,9:00 PM,2026-09-05T18:00:00,2026-09-05T21:00:00,America/New_York,Taft C/D,Tabletop Gaming,Gaming; Tournament,,active,"Players take turns shooting discs across the circular playing surface, trying to land their discs in the higher-scoring regions of the board, particularly the recessed centre hole of 20 points, while also attempting to knock opponents discs off the board or into the ditch. - 2 players - 20 mins per round tournament style - 20 players enter with a waitlist",https://www.eventeny.com/events/schedule/?id=23176&session=107373
107652,Digimon Tournament,"September 5, 2026",Sat,6:00 PM,7:00 PM,2026-09-05T18:00:00,2026-09-05T19:00:00,America/New_York,Windows,CCG,Gaming; Tournament,,active,,https://www.eventeny.com/events/schedule/?id=23176&session=107652
107650,Pokemon Standard Tournament MTG Modern Tournament,"September 5, 2026",Sat,6:00 PM,7:00 PM,2026-09-05T18:00:00,2026-09-05T19:00:00,America/New_York,Windows,CCG,Gaming; Tournament,,active,,https://www.eventeny.com/events/schedule/?id=23176&session=107650
107094,Wa Wa World - A Hetalia Panel,"September 5, 2026",Sat,6:15 PM,7:45 PM,2026-09-05T18:15:00,2026-09-05T19:45:00,America/New_York,A123-124,Panels 5,,,active,Come join us to learn about the wonderful crazy beautiful world of Hetalia. In this panel we will be going over the wacky history you may or may not already know. From it's confusing fight with Homestuck to the all to well known shipping wars of the early 2010's. It's a series and fandom that is still making an impact to this very day.Don't forget to Draw a Circle that's the Earth!~ <3,https://www.eventeny.com/events/schedule/?id=23176&session=107094
107146,Let's Odori,"September 5, 2026",Sat,6:15 PM,7:15 PM,2026-09-05T18:15:00,2026-09-05T19:15:00,America/New_York,McKinley,Movement Room,,,active,Summer means festival season and that means dancing! Join members of the Ohio Awa Odori dance troupe to learn classic Obon dances.,https://www.eventeny.com/events/schedule/?id=23176&session=107146
107282,From Battlefield to Budo: The Art of Naginata,"September 5, 2026",Sat,6:15 PM,7:00 PM,2026-09-05T18:15:00,2026-09-05T19:00:00,America/New_York,Regency Ballroom,Main Events 2,Event; Partner Panel,,active,"Discover your new favorite martial art with the Columbus Naginata Club. Learn how this traditional polearm evolved from battlefield weapon to feminine icon to modern budo, then watch practitioners showcase elegant kata, dynamic sparring (shiai), and the techniques, strategy, and spirit that make naginata a unique martial art. Attendees have the chance to win 1 of 10 coveted spots for a free intro class on Sunday!",https://www.eventeny.com/events/schedule/?id=23176&session=107282
107083,18+ Okaku ink,"September 5, 2026",Sat,6:30 PM,7:30 PM,2026-09-05T18:30:00,2026-09-05T19:30:00,America/New_York,A120-122,Panels 4,18+,,active,History of Japanese tattoos into the evolution of anime tattoos we all love today. Including some of our favorite anime characters with ink of there own.,https://www.eventeny.com/events/schedule/?id=23176&session=107083
107243,Old Master Q: The Longest Running Strip in China,"September 5, 2026",Sat,6:30 PM,7:30 PM,2026-09-05T18:30:00,2026-09-05T19:30:00,America/New_York,Delaware,Panels 1,Partner Panel,,active,"In this talk with Professor CM Campbell, we will be looking at the work of Old Master Q artist Alfonso Wong. Wong's work with Old Master Q dates back to 1962 and has since been adapted across multiple media, including television and film. We will also be looking at several excerpts from the strip in classic issues of Master Q Magazine.",https://www.eventeny.com/events/schedule/?id=23176&session=107243
107130,Armor Academy: Chainmail Plushies,"September 5, 2026",Sat,6:30 PM,7:30 PM,2026-09-05T18:30:00,2026-09-05T19:30:00,America/New_York,Fairfield,Workshop,,,active,"In this panel, we will teach you how to make an entire shirt of chainmail – scaled down to plushie size! Bring your own plushie, or use one of the stuffed animals provided. There will be a 25 dollar materials fee to participate (cash or card), but any may observe for free.",https://www.eventeny.com/events/schedule/?id=23176&session=107130
107014,"Devil's Advocate: How to Write a ""Good"" Villain","September 5, 2026",Sat,6:45 PM,7:45 PM,2026-09-05T18:45:00,2026-09-05T19:45:00,America/New_York,A110-113,Panels 2,,,active,"A hero is only as good as their villain, and the best villains are the ones we love to hate. But how do you avoid the pitfalls of making your villain too flat, or too lame, or “evil for the sake of being evil”? In this lecture we’ll discuss the morals, motives, and modus opperandi of some famous villains, the nuances of antiheros, antagonists, and villains, and how to cut Satan a break—there are much more interesting and sinister figures for inspiration for your big baddies. A Q and A will follow.",https://www.eventeny.com/events/schedule/?id=23176&session=107014
107657,Roll for Revelry: Dungeon Delve with Maid to Be,"September 5, 2026",Sat,7:00 PM,8:00 PM,2026-09-05T19:00:00,2026-09-05T20:00:00,America/New_York,Marion,Maid to Be,Gaming; Interactive,,active,"The panel becomes the party! Hosted by the elven MC Ephraim, join Maid to Be for a dungeon delve inspired by classics of the choose-your-own-adventure genre and the creativity of old-school RPGs.",https://www.eventeny.com/events/schedule/?id=23176&session=107657
107700,At The Edge of Nothing (Cyberpunk 2020),"September 5, 2026",Sat,7:00 PM,11:00 PM,2026-09-05T19:00:00,2026-09-05T23:00:00,America/New_York,Morrow,RPG,Gaming; Gaming,,active,,https://www.eventeny.com/events/schedule/?id=23176&session=107700
107702,Call of Cathulhu: Gone Astray (Call of Cathulhu),"September 5, 2026",Sat,7:00 PM,11:00 PM,2026-09-05T19:00:00,2026-09-05T23:00:00,America/New_York,Morrow,RPG,Gaming; Gaming,,active,,https://www.eventeny.com/events/schedule/?id=23176&session=107702
107689,Deadlands: The Harrowed Protocol (Deadlands),"September 5, 2026",Sat,7:00 PM,11:00 PM,2026-09-05T19:00:00,2026-09-05T23:00:00,America/New_York,Morrow,RPG,Gaming; Gaming,,active,,https://www.eventeny.com/events/schedule/?id=23176&session=107689
107346,Heist on The Ghostflame Express (Daggerheart),"September 5, 2026",Sat,7:00 PM,10:00 PM,2026-09-05T19:00:00,2026-09-05T22:00:00,America/New_York,Morrow,RPG,Gaming,,active,,https://www.eventeny.com/events/schedule/?id=23176&session=107346
107692,Starlight Runners (D&D 5e: Neon Odyssey),"September 5, 2026",Sat,7:00 PM,11:00 PM,2026-09-05T19:00:00,2026-09-05T23:00:00,America/New_York,Morrow,RPG,Gaming; Gaming,,active,,https://www.eventeny.com/events/schedule/?id=23176&session=107692
107380,Epic Spell Wars of the Battle Wizards Tournament,"September 5, 2026",Sat,7:00 PM,10:00 PM,2026-09-05T19:00:00,2026-09-05T22:00:00,America/New_York,Taft C/D,Tabletop Gaming,Gaming; Tournament,,active,"Did you know that magical wizards are battling to the death ... and beyond ... right now!? ""Why battle?"" you might ask. ""What have I got to prove, magic man?"" Only who's the most awesomely powerful battle wizard in the entire realm, that's what! As a Battle Wizard, you'll put together up to three spell components to craft millions (okay, not really) of spell combos. Your spells might kick ass, or they could totally blow – it's up to you to master the magic. You will unleash massive damage on the faces of your wizard rivals in a no-holds-barred, all-out burn-down to be the last Battle Wizard standing. And it doesn't stop there! Powerful magic items bring on a whole new level of bloody carnage as you and your mighty wizard opponents tear each other limb from limb in an orgy of killing! - 2-6 players",https://www.eventeny.com/events/schedule/?id=23176&session=107380
107377,HeroClix Learn to Play,"September 5, 2026",Sat,7:00 PM,10:00 PM,2026-09-05T19:00:00,2026-09-05T22:00:00,America/New_York,Taft C/D,Tabletop Gaming,Gaming; Learn to Play,,active,"A tactical combat miniatures game where you put heroes and villains from your favorite comics, movies, and TV shows in head-to-head combat. - 2 players",https://www.eventeny.com/events/schedule/?id=23176&session=107377
107147,KPOP Random Dance with CODE,"September 5, 2026",Sat,7:30 PM,9:30 PM,2026-09-05T19:30:00,2026-09-05T21:30:00,America/New_York,McKinley,Movement Room,,,active,Come dance with us! There will be something for every kpop fan; newbies and oldies alike! Free water will be provided as well!,https://www.eventeny.com/events/schedule/?id=23176&session=107147
107283,Milkyway Heartbeat of the Cosmos,"September 5, 2026",Sat,7:30 PM,9:45 PM,2026-09-05T19:30:00,2026-09-05T21:45:00,America/New_York,Regency Ballroom,Main Events 2,Concert/Show,,active,Get ready to be amazed! Milkyway Idols are taking the stage for a spectacular performance and hosting a charity raffle for a good cause. Don't miss out!,https://www.eventeny.com/events/schedule/?id=23176&session=107283
107058,Your Kid SHOULD Watch Cartoons,"September 5, 2026",Sat,7:45 PM,8:45 PM,2026-09-05T19:45:00,2026-09-05T20:45:00,America/New_York,A114-115,Panels 3,,,active,"Inspired by her day job in the classroom, the Weeb Hedge Witch has been on a mission to find the best cartoons for early childhood development. During this panel, we will go over some nostalgic favorites and new gems in “low-stim” animation. All the while, talking about how these cartoons benefit early learning and social growth. Whether you’re a parent looking for media recommendations for your child, or an adult looking for their next wholesome watch, this is the panel for you!",https://www.eventeny.com/events/schedule/?id=23176&session=107058
107086,Oldtaku Trivia Hour,"September 5, 2026",Sat,7:45 PM,8:45 PM,2026-09-05T19:45:00,2026-09-05T20:45:00,America/New_York,A120-122,Panels 4,,,active,"Tired of the basic anime quizzes that are so easy they are boring? Want a chance to flex that esoteric knowledge that only comes from years of Anime knowledge? Put yourself against the whole audience for these 2 anime kahoots, and earn the right to call yourself an oldtaku.",https://www.eventeny.com/events/schedule/?id=23176&session=107086
106990,"18+ What Makes an ""ILF""?","September 5, 2026",Sat,7:45 PM,9:45 PM,2026-09-05T19:45:00,2026-09-05T21:45:00,America/New_York,Delaware,Panels 1,18+,,active,"“Some are born sexy, others have sexiness thrusted upon them” - Oscar Wilde, or something. Come see what it takes to be categorized as a MILF, DILF, GILF, and THILF?? Will your husbando or waifu make the cut??",https://www.eventeny.com/events/schedule/?id=23176&session=106990
107016,"Dragons, Cryptids, and Dinos, OH MY!","September 5, 2026",Sat,8:00 PM,9:00 PM,2026-09-05T20:00:00,2026-09-05T21:00:00,America/New_York,A110-113,Panels 2,,,active,"Learn how to craft vibrant, exotic creature characters for your stories and artwork by studying zoology, paleontology, folklore, history, and a menagerie of other authors’ work. We will also dissect a dragon—from inspiration, to designing, to writing his story and crafting a maquette for drawing. A Q and A will follow.",https://www.eventeny.com/events/schedule/?id=23176&session=107016
107109,Karaoke,"September 5, 2026",Sat,8:00 PM,11:00 PM,2026-09-05T20:00:00,2026-09-05T23:00:00,America/New_York,A123-124,Panels 5,Interactive,,active,,https://www.eventeny.com/events/schedule/?id=23176&session=107109
107134,DIY Ribbon Workshop: How to create your own Ribbons,"September 5, 2026",Sat,8:00 PM,9:30 PM,2026-09-05T20:00:00,2026-09-05T21:30:00,America/New_York,Fairfield,Workshop,,,active,Have you wonder how to create your own badge ribbon? Well in this workshop class you get a chance to create your own ribbons. Each person will receive a kit of create your own unique 10 pack of ribbons. There is a limited of 50 people. Cost is $5.00 per person Hosted by Ribbon Guardians,https://www.eventeny.com/events/schedule/?id=23176&session=107134
107671,Tekken 8 1v1,"September 5, 2026",Sat,8:00 PM,10:30 PM,2026-09-05T20:00:00,2026-09-05T22:30:00,America/New_York,Franklin,Video Gaming,Gaming; Gaming; Tournament; Tournament,,active,,https://www.eventeny.com/events/schedule/?id=23176&session=107671
107658,Maid to Be - Board Game Session,"September 5, 2026",Sat,8:00 PM,9:00 PM,2026-09-05T20:00:00,2026-09-05T21:00:00,America/New_York,Marion,Maid to Be,Gaming; Interactive,,active,"Relax and unwind as the colorful cast of the Maid to Be Guild plays a board game together with you! Whether it is a simple party game, or something a bit more heavy-weight, our game library is sure to have something for everyone. Don't know how to play? No worries, our maids and butlers will help guide you. Fair warning though-- some of us don't lose so easily!",https://www.eventeny.com/events/schedule/?id=23176&session=107658
107696,Murder at Holmfirth Hall (D&D 5e),"September 5, 2026",Sat,8:00 PM,12:00 AM,2026-09-05T20:00:00,2026-09-06T00:00:00,America/New_York,Morrow,RPG,Gaming; Gaming,,active,,https://www.eventeny.com/events/schedule/?id=23176&session=107696
107350,The Black Ballad (D&D 5e 2024),"September 5, 2026",Sat,8:00 PM,11:30 PM,2026-09-05T20:00:00,2026-09-05T23:30:00,America/New_York,Morrow,RPG,Gaming,,active,,https://www.eventeny.com/events/schedule/?id=23176&session=107350
107367,Zaibatsu Learn to Play,"September 5, 2026",Sat,8:00 PM,11:00 PM,2026-09-05T20:00:00,2026-09-05T23:00:00,America/New_York,Taft C/D,Tabletop Gaming,Gaming; Learn to Play,,active,"The game is set in a cyberpunk future, players represent supercorporations rivals, the Zaibatsu, who struggle to obtain the domain and control of the global network of information, Cybernet and for this we serve a large number of agents, mercenaries pawns they use to achieve their targets. Zaibatsu is a print and play cyberpunk-themed game, each player in game can move pawns, attack the pawns controlled by other players, put new hexagonal blocks to expand the modular board or gain control of the existing blocks to dominate the board and win the game - 2-4 players",https://www.eventeny.com/events/schedule/?id=23176&session=107367
107675,Street Fighter III: 3rd Strike,"September 5, 2026",Sat,8:00 PM,11:00 PM,2026-09-05T20:00:00,2026-09-05T23:00:00,America/New_York,Union,Arcade,Gaming; Gaming; Tournament; Tournament,,active,,https://www.eventeny.com/events/schedule/?id=23176&session=107675
107277,Electric Dance Matsuri,"September 5, 2026",Sat,8:00 PM,2:00 AM,2026-09-05T20:00:00,2026-09-06T02:00:00,America/New_York,Union Ballroom,Main Events 1,Event; Interactive,,active,"Grab your glowsticks and put on those furry boots, it’s time for Electronic Dance Matsuri! A late night immersive event filled with dynamic, high-energy performances, vibrant light displays, and a collective atmosphere of celebration and freedom. Spread peace, love, unity, and respect while our DJs rock the house with stellar beats. Let go and lose yourself in the music as we dance together as one community!",https://www.eventeny.com/events/schedule/?id=23176&session=107277
107059,"Black and Nerdy, 10th anniversary edition","September 5, 2026",Sat,9:00 PM,10:00 PM,2026-09-05T21:00:00,2026-09-05T22:00:00,America/New_York,A114-115,Panels 3,,,active,"We have lived the experiences, and shared our Melanated Magic with the cosplay and convention community for over 10 years running! Please join us to hear discussion of our experiences with the nerd herd, and discuss your own ups and downs of being a POC in the convention scene.",https://www.eventeny.com/events/schedule/?id=23176&session=107059
107085,Representation Done Right,"September 5, 2026",Sat,9:00 PM,10:00 PM,2026-09-05T21:00:00,2026-09-05T22:00:00,America/New_York,A120-122,Panels 4,,,active,"A lot of the talk about diverse casts can be unfortunately negative. So instead, let's celebrate the good examples of diverse representation in the media we love, and the progress that has been made over the years!",https://www.eventeny.com/events/schedule/?id=23176&session=107085
107659,Werewolf,"September 5, 2026",Sat,9:00 PM,10:00 PM,2026-09-05T21:00:00,2026-09-05T22:00:00,America/New_York,Marion,Maid to Be,Gaming; Interactive,,active,,https://www.eventeny.com/events/schedule/?id=23176&session=107659
107371,Kingdom Builder Learn to Play,"September 5, 2026",Sat,9:00 PM,12:00 AM,2026-09-05T21:00:00,2026-09-06T00:00:00,America/New_York,Taft C/D,Tabletop Gaming,Gaming; Learn to Play,,active,"Players create their own kingdoms by skillfully building their settlements, aiming to earn the most gold at the end of the game. - 2-4 players",https://www.eventeny.com/events/schedule/?id=23176&session=107371
107017,Your Bias is Showing,"September 5, 2026",Sat,9:15 PM,10:00 PM,2026-09-05T21:15:00,2026-09-05T22:00:00,America/New_York,A110-113,Panels 2,,,active,"K-pop fans, where are you!? Come describe your favorite K-pop star and see if others can guess them. Let's see if your bias is showing.",https://www.eventeny.com/events/schedule/?id=23176&session=107017
107132,18+ Speed Friending: Find Your Anime Squad!,"September 5, 2026",Sat,9:45 PM,11:15 PM,2026-09-05T21:45:00,2026-09-05T23:15:00,America/New_York,Fairfield,Workshop,18+,,active,"Have you ever wanted to make friends that share the same nerdy interests as you? Maybe you didn't have the chance, or you were too nervous to initiate conversation. At this event, we'll help you quickly meet other anime fans in a low-pressure, fun, structured way!",https://www.eventeny.com/events/schedule/?id=23176&session=107132
107148,Kpop Hangz with Mars!!,"September 5, 2026",Sat,9:45 PM,11:15 PM,2026-09-05T21:45:00,2026-09-05T23:15:00,America/New_York,McKinley,Movement Room,,,active,"Everyone loved Bigsana's kpop spins. Now that he is no longer with us; I'm gonna try and take the lead!Listen to kpop bangers with mars, and trade photocards! Anywhere from 2nd gen to whatever new gen you kids request! Dance if you know the choreo! RPD HALFWAY THROUGH!",https://www.eventeny.com/events/schedule/?id=23176&session=107148
106991,Otome Games: Love Interest Loading…,"September 5, 2026",Sat,10:00 PM,11:00 PM,2026-09-05T22:00:00,2026-09-05T23:00:00,America/New_York,Delaware,Panels 1,,,active,"Ready to unlock your next favorite love interest? Welcome to otome games, where the drama is high, the romance is intense, and 2D men keep leading us to bad decisions. We’re diving into the history, tropes, and cheesy storylines of the genre, with plenty of recommendations to add to your growing “need to play” list.",https://www.eventeny.com/events/schedule/?id=23176&session=106991
107693,Beaches 'n' Booty: Castle RAVE'nloft (D&D 5e) [18+],"September 5, 2026",Sat,10:00 PM,2:00 AM,2026-09-05T22:00:00,2026-09-06T02:00:00,America/New_York,Morrow,RPG,18+; 18+; Gaming; Gaming,,active,,https://www.eventeny.com/events/schedule/?id=23176&session=107693
107682,The Gas Station (Instant Horror) [18+],"September 5, 2026",Sat,10:00 PM,2:00 AM,2026-09-05T22:00:00,2026-09-06T02:00:00,America/New_York,Morrow,RPG,18+; 18+; Gaming; Gaming,,active,,https://www.eventeny.com/events/schedule/?id=23176&session=107682
107686,The Silent Hall (World of Darkness) [18+],"September 5, 2026",Sat,10:00 PM,2:00 AM,2026-09-05T22:00:00,2026-09-06T02:00:00,America/New_York,Morrow,RPG,18+; 18+; Gaming; Gaming,,active,,https://www.eventeny.com/events/schedule/?id=23176&session=107686
107156,KK Slider Concert,"September 5, 2026",Sat,10:00 PM,11:45 PM,2026-09-05T22:00:00,2026-09-05T23:45:00,America/New_York,Regency Ballroom,Main Events 2,,,active,We're back on the from pup to big dog tour! Come see dj kk play all your favorite hits! Dance and even bring your switches to have fun on your island!,https://www.eventeny.com/events/schedule/?id=23176&session=107156
107374,Secret Hitler Let's Play,"September 5, 2026",Sat,10:00 PM,1:00 AM,2026-09-05T22:00:00,2026-09-06T01:00:00,America/New_York,Taft C/D,Tabletop Gaming,18+; Gaming,,active,"Players are secretly divided into two teams: the liberals, who have a majority, and the fascists, who are hidden to everyone but each other. If the liberals can learn to trust each other, they have enough votes to control the elections and save the day. But the fascists will say whatever it takes to get elected, advance their agenda, and win the game. - 5-10 players 18+",https://www.eventeny.com/events/schedule/?id=23176&session=107374
107646,MTG Commander Tournament,"September 5, 2026",Sat,10:00 PM,12:00 AM,2026-09-05T22:00:00,2026-09-06T00:00:00,America/New_York,Windows,CCG,Gaming; Tournament,,active,,https://www.eventeny.com/events/schedule/?id=23176&session=107646
107015,18+ Have You Heard of The Bible...Black?,"September 5, 2026",Sat,10:15 PM,11:45 PM,2026-09-05T22:15:00,2026-09-05T23:45:00,America/New_York,A110-113,Panels 2,18+,,active,"“Bible Black? Yeah, I watched it for the ‘plot’.” Really? Well /I/ watched it for the religious experience! See how such a ‘Holy’ hentai came from divine inspiration!",https://www.eventeny.com/events/schedule/?id=23176&session=107015
107060,Nat One Presents - Bestie Battle,"September 5, 2026",Sat,10:15 PM,11:15 PM,2026-09-05T22:15:00,2026-09-05T23:15:00,America/New_York,A114-115,Panels 3,,,active,"Think you and your bestie are the bestest of besties? Come prove it in a showdown of friendship, where your bestie knowledge will be put to the test!",https://www.eventeny.com/events/schedule/?id=23176&session=107060
107614,PMA,"September 5, 2026",Sat,10:15 PM,11:00 PM,2026-09-05T22:15:00,2026-09-05T23:00:00,America/New_York,A120-122,Panels 4,,,active,Have you ever just felt down in the dumps and needed some way to cheer yourself up? I have a distinct feeling that some inspirational anime quotes and memes will give you a positive mental attitude.,https://www.eventeny.com/events/schedule/?id=23176&session=107614
107378,Blood on the Clocktower Learn to Play,"September 5, 2026",Sat,11:00 PM,2:00 AM,2026-09-05T23:00:00,2026-09-06T02:00:00,America/New_York,Taft C/D,Tabletop Gaming,Gaming; Learn to Play,,active,"During a hellish thunderstorm, a scream echoes through the sleepy town of Ravenswood Bluff. The townsfolk rush to investigate and find the beloved local storyteller has been murdered, their body hanging limp from the clocktower. As blood drips onto the cobblestones below, a realization slowly dawns… a demon has been unleashed, killing by night and taking on human form by day. Can good find the demon in time? Or will evil overrun this once peaceful town? - 6-12 players",https://www.eventeny.com/events/schedule/?id=23176&session=107378
107087,18+ Let's Explore BL Visual Novels,"September 5, 2026",Sat,11:15 PM,12:15 AM,2026-09-05T23:15:00,2026-09-06T00:15:00,America/New_York,A120-122,Panels 4,18+,,active,"Come explore the world of Boy's Love Visual Novels! We'll give a (mostly spoiler-free) overview of various novels, their stories, and their characters; perhaps you'll find your new favorite!",https://www.eventeny.com/events/schedule/?id=23176&session=107087
107110,Everything Murder Drones,"September 5, 2026",Sat,11:15 PM,12:15 AM,2026-09-05T23:15:00,2026-09-06T00:15:00,America/New_York,A123-124,Panels 5,,,active,"Do you love this show too, or do you want to like it but find it too confusing and fast paced to understand? This panel is for you! I’ll explain all the plot points, the full story in timeline order, and talk about the hidden details that make this show so awesome!",https://www.eventeny.com/events/schedule/?id=23176&session=107110
106992,18+ For the Girlies,"September 5, 2026",Sat,11:15 PM,12:30 AM,2026-09-05T23:15:00,2026-09-06T00:30:00,America/New_York,Delaware,Panels 1,18+,,active,It's not just BookTok out here with spicy content made by women for women. Manga and Webtoons have their fair share as well but with PICTURES. Let's take a look into the depravity of only the finest of girls' media.,https://www.eventeny.com/events/schedule/?id=23176&session=106992
107061,Kimono in Summer,"September 5, 2026",Sat,11:30 PM,12:30 AM,2026-09-05T23:30:00,2026-09-06T00:30:00,America/New_York,A114-115,Panels 3,,,active,"Join is in discussing how to survive hot weather and still enjoy wearing kimono. We'll check out different textiles and accessories made to match Ohio's muggy months and how to look cool, even if you're not.",https://www.eventeny.com/events/schedule/?id=23176&session=107061
107133,Battle Century G,"September 5, 2026",Sat,11:30 PM,12:30 AM,2026-09-05T23:30:00,2026-09-06T00:30:00,America/New_York,Fairfield,Workshop,,,active,"This one-shot session will introduce players to Battle Century G in a digestible and easy to understand manner. Build, customize, and fight with your favorite giant robot in this tabletop adventure unlike any other! Players of all experience levels are welcome.",https://www.eventeny.com/events/schedule/?id=23176&session=107133
107018,18+ Anime Waifu Tier Battle,"September 6, 2026",Sun,12:00 AM,1:00 AM,2026-09-06T00:00:00,2026-09-06T01:00:00,America/New_York,A110-113,Panels 2,,,active,"Join us in tiering Matsuricons most popular waifus. There will be laughter, tears, and alot of slander.",https://www.eventeny.com/events/schedule/?id=23176&session=107018
107157,Guess that Anime Opening!!!,"September 6, 2026",Sun,12:00 AM,2:00 AM,2026-09-06T00:00:00,2026-09-06T02:00:00,America/New_York,Regency Ballroom,Main Events 2,,,active,"Welcome back to the third year of Guess that Anime Opening!!! With your favorite returning hosts.It's a game show to test your opening, and maybe some endings, knowledge. Winners will receive fabulous prizes...even those unlucky enough not to win will receive something for just trying! Animes new and old, popular and underrated, or even just forgotten will be mixed in. Of all genres as well...from Horror to Romance to Action. It's a game for everyone!!!",https://www.eventeny.com/events/schedule/?id=23176&session=107157
107062,18+ Ecchi? You Said There Was Plot!,"September 6, 2026",Sun,12:30 AM,2:00 AM,2026-09-06T00:30:00,2026-09-06T02:00:00,America/New_York,A114-115,Panels 3,18+,,active,"""If you fall under the ace umbrella, or prefer ecchi anime with more plot than """"plot""""/over-the-top anime jiggle-physics, then this panel is for you! Instead of sifting through hours of ecchi series just to find one you'd enjoy, now you can get thorough breakdowns of many different series from a pop culture academic who's already lost hundreds of hours of his life trying to find the plot in a genre notorious for not having strong plot.""",https://www.eventeny.com/events/schedule/?id=23176&session=107062
107088,18+ WTF are we listening to?,"September 6, 2026",Sun,12:30 AM,2:00 AM,2026-09-06T00:30:00,2026-09-06T02:00:00,America/New_York,A120-122,Panels 4,18+,,active,"Ever hear lyrics wrong? Ever sing a song as a child that you know now was extremely inappropriate? Come join us to have fun, laugh, hear some interesting facts on the songs you know and love, and to jam out to some of your favorite songs.",https://www.eventeny.com/events/schedule/?id=23176&session=107088
107111,Expelliarmus: Disarming the Idea Harry Potter is a Good Fantasy Series,"September 6, 2026",Sun,12:30 AM,1:30 AM,2026-09-06T00:30:00,2026-09-06T01:30:00,America/New_York,A123-124,Panels 5,,,active,"Do you also think Harry Potter is a bad fantasy series? Or do you like the series? Come have a light hearted debate or vent your frustrations with the notable series Harry Potter. There are plenty of issues with the series like bad magical system, lost plot lines, and characters who should be better so come listen to all of them and maybe even contribute issues of your own.",https://www.eventeny.com/events/schedule/?id=23176&session=107111
106993,Name that Aanime from letterboxd review,"September 6, 2026",Sun,12:45 AM,1:45 AM,2026-09-06T00:45:00,2026-09-06T01:45:00,America/New_York,Delaware,Panels 1,18+,,active,"The premise is simple, try to match the short review/statement to an anime. Thats all there is to it, can you decipher actually thought was a fitting statement for an anime?",https://www.eventeny.com/events/schedule/?id=23176&session=106993
107019,18+ Heated rivalry,"September 6, 2026",Sun,1:15 AM,2:00 AM,2026-09-06T01:15:00,2026-09-06T02:00:00,America/New_York,A110-113,Panels 2,,,active,"Did you enjoy the Heated Rivalry show? Have you read the books? Come discuss your favorite moments, ships and all things Heated Rivalry!!! 18+ only!!!!",https://www.eventeny.com/events/schedule/?id=23176&session=107019
107303,Registration,"September 6, 2026",Sun,9:00 AM,2:00 PM,2026-09-06T09:00:00,2026-09-06T14:00:00,America/New_York,Nationwide,Registration,,,active,,https://www.eventeny.com/events/schedule/?id=23176&session=107303
107020,Fanfic into Fiction,"September 6, 2026",Sun,10:00 AM,11:30 AM,2026-09-06T10:00:00,2026-09-06T11:30:00,America/New_York,A110-113,Panels 2,,,active,"The fanfic to traditionally published pipeline is just getting bigger. The Big Five are noticing the popularity and validity of fanworks, and it's never been a better time to learn how to transition your work from fanfic into an original published masterpiece for publication. Fanfic writer and traditionally published author Kristina Elyse Butke will guide you on how to prepare your fanfics for traditional submission or self-pub.",https://www.eventeny.com/events/schedule/?id=23176&session=107020
107063,Origami & Chill: The Second Fold,"September 6, 2026",Sun,10:00 AM,11:30 AM,2026-09-06T10:00:00,2026-09-06T11:30:00,America/New_York,A114-115,Panels 3,,,active,"Come vibe with us and fold some cute paper! A hands on, self instructed panel with supplies and fold designs. Bring your coffee, a friend or anything in-between to enjoy with our lofi beats~",https://www.eventeny.com/events/schedule/?id=23176&session=107063
107332,Photo Arena,"September 6, 2026",Sun,10:00 AM,4:00 PM,2026-09-06T10:00:00,2026-09-06T16:00:00,America/New_York,Eisenman,Photo Arena,Interactive,,active,,https://www.eventeny.com/events/schedule/?id=23176&session=107332
107306,Exhibit Hall,"September 6, 2026",Sun,10:00 AM,4:00 PM,2026-09-06T10:00:00,2026-09-06T16:00:00,America/New_York,Exhibit Hall,Exhibit Hall,,,active,,https://www.eventeny.com/events/schedule/?id=23176&session=107306
107326,Adventure Room,"September 6, 2026",Sun,10:00 AM,4:00 PM,2026-09-06T10:00:00,2026-09-06T16:00:00,America/New_York,Garfield,Escape Room,Interactive,,active,"Step into a living fantasy world where your choices, abilities, and teamwork shape the story. In ARC Fantasy, you create a character with unique powers that determine how you explore, solve puzzles, and uncover secrets."" Smartphones are used to access character abilities. Each game last one hour per group and is free to badge holders. Sign up using the link below or sign up by scanning the QR code at Garfield. Link to sign up page: https://ti.to/experimental-gamer/arcfantasy-matusircon-2026 Note: Not ready to book? Visit the FREE Tavern located in Garfield to try it out first.",https://www.eventeny.com/events/schedule/?id=23176&session=107326
107312,Cosplay Repair,"September 6, 2026",Sun,10:00 AM,2:00 PM,2026-09-06T10:00:00,2026-09-06T14:00:00,America/New_York,Grant & Harding,Cosplay Repair,,,active,"A snapped strap or loose seam does not have to end your con day. Our volunteer makers have the tools, supplies, and know-how to help with light costume repairs. With ample supplies and plenty of know-how, the Matsuricon Cosplay Repair Room has just about everything attendees need to touch up or mend a cosplay. Our staff can answer questions, offer solutions, and help find the right tools for the repair.",https://www.eventeny.com/events/schedule/?id=23176&session=107312
107329,Manga Lounge,"September 6, 2026",Sun,10:00 AM,4:00 PM,2026-09-06T10:00:00,2026-09-06T16:00:00,America/New_York,Madison,Manga Lounge,Interactive,,active,"With more than 4,000 titles, a massive selection of figures and statues, and even more to discover, Otaku Manga Lounge is a destination for anime and manga fans. Stop by the Manga Library to read from more than 1,000 titles, then check them out in the Exhibitor Hall.",https://www.eventeny.com/events/schedule/?id=23176&session=107329
107706,Lancer: Out in the Open (Lancer),"September 6, 2026",Sun,10:00 AM,3:00 PM,2026-09-06T10:00:00,2026-09-06T15:00:00,America/New_York,Morrow,RPG,Gaming; Gaming,,active,,https://www.eventeny.com/events/schedule/?id=23176&session=107706
107703,Miniature Paint & Take,"September 6, 2026",Sun,10:00 AM,4:00 PM,2026-09-06T10:00:00,2026-09-06T16:00:00,America/New_York,Morrow,RPG,Gaming; Gaming,,active,,https://www.eventeny.com/events/schedule/?id=23176&session=107703
107705,Rescue Ribbons: Parks and Wrecked (Daggerheart),"September 6, 2026",Sun,10:00 AM,3:00 PM,2026-09-06T10:00:00,2026-09-06T15:00:00,America/New_York,Morrow,RPG,Gaming; Gaming,,active,,https://www.eventeny.com/events/schedule/?id=23176&session=107705
107704,"Warriors of the Light Unite! (Big Eyes, Small Mouth)","September 6, 2026",Sun,10:00 AM,3:00 PM,2026-09-06T10:00:00,2026-09-06T15:00:00,America/New_York,Morrow,RPG,Gaming; Gaming,,active,,https://www.eventeny.com/events/schedule/?id=23176&session=107704
107335,Matsuri Ink,"September 6, 2026",Sun,10:00 AM,4:00 PM,2026-09-06T10:00:00,2026-09-06T16:00:00,America/New_York,Ohio Board Room,Matsuri Ink,Interactive,,active,"Whether you are a tattoo enthusiast or simply curious about the artistry, Matsuri Ink is your chance to explore remarkable designs, meet talented artists, and find inspiration for your own creative journey.",https://www.eventeny.com/events/schedule/?id=23176&session=107335
107321,Convention Foam Fighting (CFF),"September 6, 2026",Sun,10:00 AM,3:00 PM,2026-09-06T10:00:00,2026-09-06T15:00:00,America/New_York,Taft A/B,CFF,Interactive,,active,"Step into a live fantasy battle where foam weapons, fast-moving action, and beginner-friendly coaching turn every attendee into part of the adventure. Convention Foam Fighting is a live-action entertainment group that combines the excitement of fantasy combat with accessible, safety-minded gameplay. Participants play at no additional cost beyond their convention badge, and every piece of equipment is provided so newcomers can step straight into the action. Entertainers and coaches keep the experience welcoming, energetic, and easy to learn while building a community around the shared thrill of an unforgettable battle.",https://www.eventeny.com/events/schedule/?id=23176&session=107321
107382,Crokinole Tournament,"September 6, 2026",Sun,10:00 AM,1:00 PM,2026-09-06T10:00:00,2026-09-06T13:00:00,America/New_York,Taft C/D,Tabletop Gaming,Gaming; Tournament,,active,"Players take turns shooting discs across the circular playing surface, trying to land their discs in the higher-scoring regions of the board, particularly the recessed centre hole of 20 points, while also attempting to knock opponents discs off the board or into the ditch. - 2 players - 20 mins per round tournament style - 20 players enter with a waitlist",https://www.eventeny.com/events/schedule/?id=23176&session=107382
107384,King of Tokyo Learn to Play,"September 6, 2026",Sun,10:00 AM,1:00 PM,2026-09-06T10:00:00,2026-09-06T13:00:00,America/New_York,Taft C/D,Tabletop Gaming,Gaming; Learn to Play,,active,"Play mutant monsters, gigantic robots, and strange aliens—all of whom are destroying Tokyo and whacking each other in order to become the one and only King of Tokyo. - 2-6 players",https://www.eventeny.com/events/schedule/?id=23176&session=107384
107386,Mahjong,"September 6, 2026",Sun,10:00 AM,3:00 PM,2026-09-06T10:00:00,2026-09-06T15:00:00,America/New_York,Taft C/D,Tabletop Gaming,Gaming; Learn to Play,,active,,https://www.eventeny.com/events/schedule/?id=23176&session=107386
107676,Crokinole Tournament,"September 6, 2026",Sun,10:00 AM,1:00 PM,2026-09-06T10:00:00,2026-09-06T13:00:00,America/New_York,Taft CD,Tabletop Gaming,Gaming; Gaming; Tournament; Tournament,,active,,https://www.eventeny.com/events/schedule/?id=23176&session=107676
107678,King of Tokyo Learn to Play,"September 6, 2026",Sun,10:00 AM,1:00 PM,2026-09-06T10:00:00,2026-09-06T13:00:00,America/New_York,Taft CD,Tabletop Gaming,Gaming; Gaming; Learn to Play; Learn to Play,,active,,https://www.eventeny.com/events/schedule/?id=23176&session=107678
107680,Mahjong,"September 6, 2026",Sun,10:00 AM,3:00 PM,2026-09-06T10:00:00,2026-09-06T15:00:00,America/New_York,Taft CD,Tabletop Gaming,Gaming; Gaming,,active,,https://www.eventeny.com/events/schedule/?id=23176&session=107680
107284,BERRY Q&A,"September 6, 2026",Sun,10:00 AM,11:00 AM,2026-09-06T10:00:00,2026-09-06T11:00:00,America/New_York,Union Ballroom,Main Events 1,Guest Panel; Interactive,,active,"Join BERRY, the “berry” sweetest idol, for an up-close Q&A session.",https://www.eventeny.com/events/schedule/?id=23176&session=107284
107089,Cosplay Feedback,"September 6, 2026",Sun,10:15 AM,11:15 AM,2026-09-06T10:15:00,2026-09-06T11:15:00,America/New_York,A120-122,Panels 4,,,active,"Feedback for anything related to Matsuricon 2026's Cosplay-related events. Come meet & greet our cosplay staff and learn about the behind the scenes, as well as give us your thoughts! If you competed in the Masquerade, come talk to the judges to receive feedback and your scores!",https://www.eventeny.com/events/schedule/?id=23176&session=107089
107113,Pokemon wilderness survival,"September 6, 2026",Sun,10:15 AM,11:45 AM,2026-09-06T10:15:00,2026-09-06T11:45:00,America/New_York,A123-124,Panels 5,,,active,Do you want to learn how to survive the pokemon world? Which pokemon are safe? Well today is your lucky day! Pokemon rangers are here to save the day! Learn the in and outs of the pokedex with a ranger handbook of your own! Trivia and other games will be included as well!,https://www.eventeny.com/events/schedule/?id=23176&session=107113
106994,Tokusatu Henshin Pose Quiz!,"September 6, 2026",Sun,10:15 AM,11:15 AM,2026-09-06T10:15:00,2026-09-06T11:15:00,America/New_York,Delaware,Panels 1,,,active,"Much like Quiz from Kamen Rider Zi-O, put your Tokusatsu knowledge to the test in guessing who the henshin pose belongs to! Prizes will be up for grabs in this three person Quiz show! Hope to see you henshin!",https://www.eventeny.com/events/schedule/?id=23176&session=106994
107135,Cosplay and Material Supply Swap,"September 6, 2026",Sun,10:15 AM,11:15 AM,2026-09-06T10:15:00,2026-09-06T11:15:00,America/New_York,Fairfield,Workshop,,,active,"We know you have materials leftover from that one cosplay you made five years ago that you'll never use, or some fabric from that cosplay you never made and probably never will. Or maybe you have actual cosplays in your closet that are taking up space, never worn. Bring all of that with you to this panel and you can swap the things that you won't use for stuff that you will! NO MONEY WILL EXCHANGE HANDS. This is for trading or giving away your materials. All crafting material is welcome and you don't need to bring anything to come check out what people are giving away!",https://www.eventeny.com/events/schedule/?id=23176&session=107135
107149,Two's Mini Game Battle,"September 6, 2026",Sun,10:30 AM,11:30 AM,2026-09-06T10:30:00,2026-09-06T11:30:00,America/New_York,McKinley,Movement Room,,,active,"Two is looking for new contestants to try out their brand new challenges! Come join in on the fun and play a multitude of fun games for all to play! We will be playing interactive games like 4 corners, freeze dance, musical chairs, and more!",https://www.eventeny.com/events/schedule/?id=23176&session=107149
107289,Directing Anime,"September 6, 2026",Sun,10:30 AM,11:15 AM,2026-09-06T10:30:00,2026-09-06T11:15:00,America/New_York,Regency Ballroom,Main Events 2,Guest Panel,,active,"If you love to dive “deep into the weeds” about Anime production, this is the panel for younIn this hour, Veteran Voice Director Tony Oliver discusses his approach to directing and to directingnAnime in particular. He’ll share some tricks of the trade, give advice to aspiring directors and answer allnyour questions about directing and the people who do it professionally.",https://www.eventeny.com/events/schedule/?id=23176&session=107289
107665,Pokemon Expanded Tournament,"September 6, 2026",Sun,10:30 AM,12:00 PM,2026-09-06T10:30:00,2026-09-06T12:00:00,America/New_York,Windows,CCG,Gaming; Gaming; Gaming; Gaming; Tournament; Tournament; Tournament; Tournament,,active,,https://www.eventeny.com/events/schedule/?id=23176&session=107665
107316,Go Room,"September 6, 2026",Sun,11:00 AM,4:00 PM,2026-09-06T11:00:00,2026-09-06T16:00:00,America/New_York,A128,Go Room,Interactive,,active,Come Play GO!!nGo is an ancient two-player abstract strategy board game where the main goal is to control more territory than your opponent by placing stones on a grid.,https://www.eventeny.com/events/schedule/?id=23176&session=107316
107403,Witch Hat Atelier Photoshoot,"September 6, 2026",Sun,11:00 AM,12:00 PM,2026-09-06T11:00:00,2026-09-06T12:00:00,America/New_York,Harrison,Photoshoots,Meetup; Interactive,,active,Come in your best look and snap some pics with fellow fans!,https://www.eventeny.com/events/schedule/?id=23176&session=107403
107309,Night Market,"September 6, 2026",Sun,11:00 AM,4:00 PM,2026-09-06T11:00:00,2026-09-06T16:00:00,America/New_York,Hayes,Night Market,,,active,"Step into a room inspired by the feeling of a traditional Japanese matsuri. Discover local creativity, linger among the displays, and make time for a few games while the convention night is still young.nDaruma Otoshi (Doll Drop)nnKingyo Sukui (Goldfish Scoop)nnTwo favorites to look for among the Night Market’s rotating festival games.nnMARKET STOP // MAKERSnnMeet Local ArtistsnNight Market experiencenBrowse beautiful art and clever creations from talented artists in a relaxed, after-hours setting.nnEXPLORE THE MARKETnnMARKET STOP // GAMESnnTry Matsuri ClassicsnNight Market experiencenTake on traditional favorites like Daruma Otoshi and Kingyo Sukui, plus more festival-style games.nnPICK UP GAME TICKETSnnMARKET STOP // PRIZESnnPlay to WinnNight Market experiencenEarn tickets at the game stations, then exchange your winnings for a fun prize before the night ends.",https://www.eventeny.com/events/schedule/?id=23176&session=107309
107385,Secret Tournament,"September 6, 2026",Sun,11:00 AM,3:00 PM,2026-09-06T11:00:00,2026-09-06T15:00:00,America/New_York,Taft C/D,Tabletop Gaming,Gaming; Tournament,,active,2 - 10 players - 30 mins per round points based - 20 players enter with a waitlist,https://www.eventeny.com/events/schedule/?id=23176&session=107385
107679,Secret Tournament,"September 6, 2026",Sun,11:00 AM,3:00 PM,2026-09-06T11:00:00,2026-09-06T15:00:00,America/New_York,Taft CD,Tabletop Gaming,Gaming; Gaming; Tournament; Tournament,,active,,https://www.eventeny.com/events/schedule/?id=23176&session=107679
107664,Digimon Tournament,"September 6, 2026",Sun,11:00 AM,1:00 PM,2026-09-06T11:00:00,2026-09-06T13:00:00,America/New_York,Windows,CCG,Gaming; Gaming; Gaming; Tournament; Tournament; Tournament,,active,,https://www.eventeny.com/events/schedule/?id=23176&session=107664
107662,MTG Oathbreaker Tournament,"September 6, 2026",Sun,11:00 AM,2:00 PM,2026-09-06T11:00:00,2026-09-06T14:00:00,America/New_York,Windows,CCG,Gaming; Tournament,,active,,https://www.eventeny.com/events/schedule/?id=23176&session=107662
107153,"Anime for Adults… Wait, not that way!","September 6, 2026",Sun,11:15 AM,12:15 PM,2026-09-06T11:15:00,2026-09-06T12:15:00,America/New_York,Union Ballroom,Main Events 1,,,active,,https://www.eventeny.com/events/schedule/?id=23176&session=107153
107336,Special Effects and Weathering on Fabrics and Props,"September 6, 2026",Sun,11:30 AM,12:30 PM,2026-09-06T11:30:00,2026-09-06T12:30:00,America/New_York,A120-122,Panels 4,,,active,"The real world is hard on clothing. The various fantasy worlds can be even harder! Elevate your skills by learning how to distress and weather your fabric and armor properly and safely. Professional costumer Julie Burnsides Diaz will walk you through her favorite tips, tricks, and tools for special effects to make your next cosplay feel realistic and lived-in",https://www.eventeny.com/events/schedule/?id=23176&session=107336
106995,The Hunger Games: Anime Edition,"September 6, 2026",Sun,11:30 AM,1:00 PM,2026-09-06T11:30:00,2026-09-06T13:00:00,America/New_York,Delaware,Panels 1,,,active,Join a group of anime fans as they send characters from your favorite anime into a battle royale - Who will be the victor of the first annual Anime Hunger Games? May the odds be ever in your favor!,https://www.eventeny.com/events/schedule/?id=23176&session=106995
107136,Introduction to Naginata: Exclusive Class,"September 6, 2026",Sun,11:30 AM,12:30 PM,2026-09-06T11:30:00,2026-09-06T12:30:00,America/New_York,Fairfield,Workshop,Partner Panel; Interactive,,active,"10 raffle winners have the chance to participate in a free introductory naginata class by the Columbus Naginata Club. Winners will be announced Sunday at the Columbus Naginata Booth in the Exhibitor's Hall. Only raffle winners may participate due to limitations on equipment, but observers are welcome!",https://www.eventeny.com/events/schedule/?id=23176&session=107136
107021,Danganronpa LIVE! A Mock Class Trial,"September 6, 2026",Sun,11:45 AM,1:45 PM,2026-09-06T11:45:00,2026-09-06T13:45:00,America/New_York,A110-113,Panels 2,,,active,Welcome to Danganronpa LIVE! The game show where contestants must work together (or not) to figure out which one of them is a killer. Volunteers from the audience will play the role of Ultimate Students partaking in a class trial. Each person will have their own evidence that will be used to discern the crime and pin the culprit. Audience members are encouraged to play along and will be asked for their own theories.,https://www.eventeny.com/events/schedule/?id=23176&session=107021
107092,Epic the musical,"September 6, 2026",Sun,11:45 AM,1:15 PM,2026-09-06T11:45:00,2026-09-06T13:15:00,America/New_York,A114-115,Panels 3,,,active,"Do you love epic the musical? Yes, then come and sing along to the epic musical songs and sagas!!. No, do you like greek mythology?? Do you like musicals? Then come listen anyway!",https://www.eventeny.com/events/schedule/?id=23176&session=107092
107291,Nerdin Out Brittany and Matt,"September 6, 2026",Sun,11:45 AM,12:45 PM,2026-09-06T11:45:00,2026-09-06T12:45:00,America/New_York,Regency Ballroom,Main Events 2,Guest Panel,,active,"Do you like nerdy stuff? So do Brittany and Matt. So much so, they funded a dub of their favorite anime series. Come talk to us about games, anime, manga and hang out. Or ask us questions about voice acting. Or bring us cupcakes. They all work.",https://www.eventeny.com/events/schedule/?id=23176&session=107291
107114,Haikyu!! short stories: popcorn fanfic challenge,"September 6, 2026",Sun,12:00 PM,1:30 PM,2026-09-06T12:00:00,2026-09-06T13:30:00,America/New_York,A123-124,Panels 5,,,active,"""This is an interactive storytelling game for fans of the Haikyu!! series where attendees will be randomly assigned to teams to work together and create fun fanfics using surprise prompts written by the attendees. Teams will have 5 minutes to build their fanfic one sentence at a time in """"popcorn"""" style before sharing them with everyone else!""",https://www.eventeny.com/events/schedule/?id=23176&session=107114
107672,Mystery Tournament,"September 6, 2026",Sun,12:00 PM,3:30 PM,2026-09-06T12:00:00,2026-09-06T15:30:00,America/New_York,Franklin,Video Gaming,Gaming; Gaming; Tournament; Tournament,,active,,https://www.eventeny.com/events/schedule/?id=23176&session=107672
107712,Badge Ribbon Meetup,"September 6, 2026",Sun,12:00 PM,2:00 PM,2026-09-06T12:00:00,2026-09-06T14:00:00,America/New_York,Harrison,Photoshoots,Meetup,,active,,https://www.eventeny.com/events/schedule/?id=23176&session=107712
107660,Armored Blooms: Forge a Flower with Maid to Be,"September 6, 2026",Sun,12:00 PM,1:30 PM,2026-09-06T12:00:00,2026-09-06T13:30:00,America/New_York,Marion,Maid to Be,Gaming; Interactive,,active,"Calling all aspiring blacksmiths and artificers! Join Maid to Be as we walk you through the steps to create your very own scale mail flower. All materials will be provided, just arrive eager to craft!",https://www.eventeny.com/events/schedule/?id=23176&session=107660
107718,Giant Kerplunk,"September 6, 2026",Sun,12:00 PM,1:00 PM,2026-09-06T12:00:00,2026-09-06T13:00:00,America/New_York,McKinley,Movement Room,Interactive,,active,"Come have fun playing Giant Kerplunk!—an oversized twist on the classic family game everyone loves! KerPlunk is a fast-paced game of suspense and strategy that players of all ages can enjoy. Take turns carefully removing sticks from the tube without making any of the balls fall- The person who collects the least amount of fallen balls, wins! All attendees who participate will receive a movement room ribbon and a Matsuricon button!",https://www.eventeny.com/events/schedule/?id=23176&session=107718
107710,An Unwelcome Home (Lancer),"September 6, 2026",Sun,12:00 PM,4:00 PM,2026-09-06T12:00:00,2026-09-06T16:00:00,America/New_York,Morrow,RPG,Gaming; Gaming,,active,,https://www.eventeny.com/events/schedule/?id=23176&session=107710
107351,King For A Day (Daggerheart),"September 6, 2026",Sun,12:00 PM,3:00 PM,2026-09-06T12:00:00,2026-09-06T15:00:00,America/New_York,Morrow,RPG,Gaming,,active,,https://www.eventeny.com/events/schedule/?id=23176&session=107351
107709,Matsuri’s Cracker Barrel Has Fallen (Cracker Barrel Has Fallen),"September 6, 2026",Sun,12:00 PM,4:00 PM,2026-09-06T12:00:00,2026-09-06T16:00:00,America/New_York,Morrow,RPG,Gaming; Gaming,,active,,https://www.eventeny.com/events/schedule/?id=23176&session=107709
107707,Merit Badges of Everglow Forest (Wyrdscouts),"September 6, 2026",Sun,12:00 PM,4:00 PM,2026-09-06T12:00:00,2026-09-06T16:00:00,America/New_York,Morrow,RPG,Gaming; Gaming,,active,,https://www.eventeny.com/events/schedule/?id=23176&session=107707
107352,Monster of the Week… but it’s the 90’s (Monster of the Week),"September 6, 2026",Sun,12:00 PM,4:00 PM,2026-09-06T12:00:00,2026-09-06T16:00:00,America/New_York,Morrow,RPG,Gaming,,active,,https://www.eventeny.com/events/schedule/?id=23176&session=107352
107708,Murder at Holmfirth Hall (D&D 5e),"September 6, 2026",Sun,12:00 PM,4:00 PM,2026-09-06T12:00:00,2026-09-06T16:00:00,America/New_York,Morrow,RPG,Gaming; Gaming,,active,,https://www.eventeny.com/events/schedule/?id=23176&session=107708
107353,The Last Torch? (Daggerheart: Age of Umbra),"September 6, 2026",Sun,12:00 PM,4:00 PM,2026-09-06T12:00:00,2026-09-06T16:00:00,America/New_York,Morrow,RPG,Gaming,,active,,https://www.eventeny.com/events/schedule/?id=23176&session=107353
107285,Voice Actor Variety Hour,"September 6, 2026",Sun,12:30 PM,1:30 PM,2026-09-06T12:30:00,2026-09-06T13:30:00,America/New_York,Union Ballroom,Main Events 1,Guest Panel,,active,"What happens when you throw a bunch of talented voice actors on stage with no script? Come find out! Join us for an hour of improv games, ridiculous challenges, audience interaction, behind-the-scenes stories, and plenty of unexpected laughs. No two Variety Hours are ever the same, so expect the unexpected!",https://www.eventeny.com/events/schedule/?id=23176&session=107285
107137,JFashion Hangout,"September 6, 2026",Sun,12:45 PM,1:45 PM,2026-09-06T12:45:00,2026-09-06T13:45:00,America/New_York,Fairfield,Workshop,,,active,Come hang out with fellow J-Fashion enthusiasts while taking part in 9 free J-Fashion themed activities!,https://www.eventeny.com/events/schedule/?id=23176&session=107137
107090,"18+ Boop, Marry, Kill","September 6, 2026",Sun,1:00 PM,2:30 PM,2026-09-06T13:00:00,2026-09-06T14:30:00,America/New_York,A120-122,Panels 4,18+,,active,"""Are you prepared to defend your questionable choices? Well then this this is the panel for you. In this hilarious interactive panel, we'll put your love of anime (and questionable character crushes) to the test in this classic game of """"Boop, Marry, or Kill"""". Choose your picks, defend your decisions, and debate with fellow fans as we explore the best, worst, and most chaotic pairings across anime worlds!""",https://www.eventeny.com/events/schedule/?id=23176&session=107090
107719,Free Play,"September 6, 2026",Sun,1:00 PM,2:00 PM,2026-09-06T13:00:00,2026-09-06T14:00:00,America/New_York,McKinley,Movement Room,Interactive,,active,"Visit the Movement Room during Free Play hours to enjoy access (with badge) to several classical games.. But in giant form! We have Giant Jenga, Giant Connect 4, Giant Yahtzee, Giant Sorry, Giant Uno and more! We are confident that there will be something fun for everyone here in the Movement Room, so stop on by!",https://www.eventeny.com/events/schedule/?id=23176&session=107719
107290,From Battlefield to Budo: The Art of Naginata,"September 6, 2026",Sun,1:00 PM,2:00 PM,2026-09-06T13:00:00,2026-09-06T14:00:00,America/New_York,Regency Ballroom,Main Events 2,Event; Partner Panel,,active,"Discover your new favorite martial art with the Columbus Naginata Club. Learn how this traditional polearm evolved from battlefield weapon to feminine icon to modern budo, then watch practitioners showcase elegant kata, dynamic sparring (shiai), and the techniques, strategy, and spirit that make naginata a unique martial art. Attendees have the chance to win 1 of 10 coveted spots for a free intro class on Sunday!",https://www.eventeny.com/events/schedule/?id=23176&session=107290
107383,The Mind Learn to Play,"September 6, 2026",Sun,1:00 PM,4:00 PM,2026-09-06T13:00:00,2026-09-06T16:00:00,America/New_York,Taft C/D,Tabletop Gaming,Gaming; Learn to Play,,active,"More than just a game. It's an experiment, a journey, a team experience in which you can't exchange information, yet will become one to defeat all the levels of the game. - 2-4 players",https://www.eventeny.com/events/schedule/?id=23176&session=107383
107677,The Mind Learn to Play,"September 6, 2026",Sun,1:00 PM,4:00 PM,2026-09-06T13:00:00,2026-09-06T16:00:00,America/New_York,Taft CD,Tabletop Gaming,Gaming; Gaming; Learn to Play; Learn to Play,,active,,https://www.eventeny.com/events/schedule/?id=23176&session=107677
107666,Beyblade X Tournament,"September 6, 2026",Sun,1:00 PM,3:00 PM,2026-09-06T13:00:00,2026-09-06T15:00:00,America/New_York,Windows,CCG,Gaming; Gaming; Gaming; Gaming; Tournament; Tournament; Tournament; Tournament,,active,,https://www.eventeny.com/events/schedule/?id=23176&session=107666
107663,MTG Modern Tournament,"September 6, 2026",Sun,1:00 PM,2:00 PM,2026-09-06T13:00:00,2026-09-06T14:00:00,America/New_York,Windows,CCG,Gaming; Tournament,,active,,https://www.eventeny.com/events/schedule/?id=23176&session=107663
107667,Pokemon Standard Tournament,"September 6, 2026",Sun,1:00 PM,2:00 PM,2026-09-06T13:00:00,2026-09-06T14:00:00,America/New_York,Windows,CCG,Gaming; Gaming; Gaming; Gaming; Tournament; Tournament; Tournament; Tournament,,active,,https://www.eventeny.com/events/schedule/?id=23176&session=107667
106996,The World of Kpop Demon Hunters,"September 6, 2026",Sun,1:15 PM,2:15 PM,2026-09-06T13:15:00,2026-09-06T14:15:00,America/New_York,Delaware,Panels 1,,,active,"Do you love this movie as much as I do? Come learn more about it! How Korean culture influenced the movie, details you might have missed, and fun facts from behind the scenes!",https://www.eventeny.com/events/schedule/?id=23176&session=106996
107064,Hellfire club dnd live,"September 6, 2026",Sun,1:30 PM,2:30 PM,2026-09-06T13:30:00,2026-09-06T14:30:00,America/New_York,A114-115,Panels 3,,,active,"Welcome to Hellfire club!!! Are you ready to face down the monster of Greyhawk and all the Creatures from within it? Let's find out if you have what it takes to be a part of the Party as you play through a campaign run by the infamous Dungeon Master himself, Eddie Munson. A chilling story with a mix of DND, Larping, and Stranger things awaits!!!",https://www.eventeny.com/events/schedule/?id=23176&session=107064
107115,This Was Not in the Budget: Smart Con Spending,"September 6, 2026",Sun,1:45 PM,2:45 PM,2026-09-06T13:45:00,2026-09-06T14:45:00,America/New_York,A123-124,Panels 5,,,active,"Conventions can be an exciting experience, but expenses can add up quickly, from badges and hotels to merch and food. Before you know it, you've spent $50 before noon and blown your budget. In this panel, we’ll be breaking down how to plan ahead, prioritize what matters, and make the most of your con without financial regret, with practical, realistic tips to help you better prepare for your next con experience.",https://www.eventeny.com/events/schedule/?id=23176&session=107115
107286,ゴゴゴゴ (The JoJo Panel),"September 6, 2026",Sun,1:45 PM,2:45 PM,2026-09-06T13:45:00,2026-09-06T14:45:00,America/New_York,Union Ballroom,Main Events 1,Guest Panel,,active,"Whether you're a lifelong Stand user or just beginning your bizarre adventure, this is one panel you won't want to skip! Join Amber Lee Connors, Daman Mills, Kira Buckland, Casey Mongillo, Cedric Williams, and Melissa Fahn for an unforgettable celebration of JoJo's Bizarre Adventure. Hear behind-the-scenes stories from the recording booth, discover what it takes to bring JoJo's unforgettable characters to life, and enjoy plenty of laughs, fan questions, and delightfully bizarre moments along the way.",https://www.eventeny.com/events/schedule/?id=23176&session=107286
107022,One Piece According to 4Kids,"September 6, 2026",Sun,2:00 PM,4:00 PM,2026-09-06T14:00:00,2026-09-06T16:00:00,America/New_York,A110-113,Panels 2,,,active,"Check out One Piece's journey to America! What did the show look and sound like when it first made landfall in the USA, and why did Sanji have a lollipop? Come aboard and find out!",https://www.eventeny.com/events/schedule/?id=23176&session=107022
107138,Armor Academy: Chainmail Jewelry,"September 6, 2026",Sun,2:00 PM,3:00 PM,2026-09-06T14:00:00,2026-09-06T15:00:00,America/New_York,Fairfield,Workshop,,,active,"In this workshop, we will teach the basics of making chainmail, and leave you with a small bracelet or necklace forged by your own hands. There will be a 25 dollar materials fee (cash or card) to participate, but any may observe for free.",https://www.eventeny.com/events/schedule/?id=23176&session=107138
107404,All Fandoms + OCs Photoshoot,"September 6, 2026",Sun,2:00 PM,3:00 PM,2026-09-06T14:00:00,2026-09-06T15:00:00,America/New_York,Harrison,Photoshoots,Meetup; Interactive,,active,Come in your best look and snap some pics with fellow fans!,https://www.eventeny.com/events/schedule/?id=23176&session=107404
107661,Armored Blooms: Forge a Flower with Maid to Be,"September 6, 2026",Sun,2:00 PM,3:30 PM,2026-09-06T14:00:00,2026-09-06T15:30:00,America/New_York,Marion,Maid to Be,Gaming; Interactive,,active,"Calling all aspiring blacksmiths and artificers! Join Maid to Be as we walk you through the steps to create your very own scale mail flower. All materials will be provided, just arrive eager to craft!",https://www.eventeny.com/events/schedule/?id=23176&session=107661
107720,Cosplay Cornhole,"September 6, 2026",Sun,2:00 PM,3:00 PM,2026-09-06T14:00:00,2026-09-06T15:00:00,America/New_York,McKinley,Movement Room,Interactive,,active,"Come play the super popular Ohio lawn game- in Cosplay! Take turns throwing bean bags, try landing on the board or making in the hole to score points! Team up or play 1v1 in Cosplay Cornhole! Cosplay is not required, but encouraged! All attendees who participate will receive a movement room ribbon and a Matsuricon button!",https://www.eventeny.com/events/schedule/?id=23176&session=107720
106997,Cosplay Confessional,"September 6, 2026",Sun,2:30 PM,3:30 PM,2026-09-06T14:30:00,2026-09-06T15:30:00,America/New_York,Delaware,Panels 1,,,active,Have you ever hot glued a hem? Ignored the safety instructions on that bottle of glue? Walked through a convention with your cosplay held together with safety pins and a dream? Come to the Cosplay Confessional to unburden yourself of your guilt and do penance for your crimes.,https://www.eventeny.com/events/schedule/?id=23176&session=106997
107158,VelvetVix Idol Competition,"September 6, 2026",Sun,2:30 PM,4:00 PM,2026-09-06T14:30:00,2026-09-06T16:00:00,America/New_York,Regency Ballroom,Main Events 2,,,active,This panel is a competition for both cosplay and kaigai idols. J-pop/K-pop/C-pop it’s all accepted so if you wanted to compete a song that isn’t allowed at a normal comp it’s welcome here!,https://www.eventeny.com/events/schedule/?id=23176&session=107158
107065,Keeping Up With Star Rail: Game Show Edition,"September 6, 2026",Sun,2:45 PM,3:45 PM,2026-09-06T14:45:00,2026-09-06T15:45:00,America/New_York,A114-115,Panels 3,,,active,"On this episode of Keeping Up With Star Rail, we're taking the questions to YOU, lovely audience. Whether your expertise lies in the game's characters, lore, music, or even the dreaded, awful relic grind, we invite everyone in the cosmos to come test your Honkai: Star Rail knowledge on our game show! We’ll have prizes for competitors and ribbons for audience members, so please swing on by and enjoy today’s special program!",https://www.eventeny.com/events/schedule/?id=23176&session=107065
107091,Lupin The Third The Panel,"September 6, 2026",Sun,2:45 PM,3:45 PM,2026-09-06T14:45:00,2026-09-06T15:45:00,America/New_York,A120-122,Panels 4,,,active,"An introduction to the long-running Lupin III series. We'll introduce the five main characters, the six or seven TV shows, the TV specials and movies that are worthwhile (there's a few stinkers in there, not gonna lie!), and some odds and ends like the live-action entries and the manga, in print in America for the first time in over ten years.",https://www.eventeny.com/events/schedule/?id=23176&session=107091
107116,Warrior cats and the wackiness of Arc 1,"September 6, 2026",Sun,3:00 PM,4:00 PM,2026-09-06T15:00:00,2026-09-06T16:00:00,America/New_York,A123-124,Panels 5,,,active,"""Have you ever heard of """"warrior cats"""" and briefly chuckled at the idea of cats in a forest but never thought to actually look into it? Well come on down as we look into the insanity that is the first six books of the series. Organized religion, chaotic family trees, deaths that feel weird to expose children to, we have it all!""",https://www.eventeny.com/events/schedule/?id=23176&session=107116
107139,Armor Academy: Scale Mail Gauntlet,"September 6, 2026",Sun,3:00 PM,4:00 PM,2026-09-06T15:00:00,2026-09-06T16:00:00,America/New_York,Fairfield,Workshop,,,active,"Want to learn how to make scale mail? In this class, we’ll teach you the basics, and guide you through making a small gauntlet. There will be a 25 dollar materials fee (cash or card) to participate, but any may observe for free.",https://www.eventeny.com/events/schedule/?id=23176&session=107139
107721,Free Play,"September 6, 2026",Sun,3:00 PM,4:00 PM,2026-09-06T15:00:00,2026-09-06T16:00:00,America/New_York,McKinley,Movement Room,Interactive,,active,"Visit the Movement Room during Free Play hours to enjoy access (with badge) to several classical games.. But in giant form! We have Giant Jenga, Giant Connect 4, Giant Yahtzee, Giant Sorry, Giant Uno and more! We are confident that there will be something fun for everyone here in the Movement Room, so stop on by!",https://www.eventeny.com/events/schedule/?id=23176&session=107721
107287,Charity Auction,"September 6, 2026",Sun,3:00 PM,4:00 PM,2026-09-06T15:00:00,2026-09-06T16:00:00,America/New_York,Union Ballroom,Main Events 1,Event; Interactive,,active,"Every year we have an auction to collect money for our donation to Ohio State University’s The James Comprehensive Cancer Center. We collect some of the coolest swag we can find and get names from the industry to sign them and make them even cooler, then we auction them off to you! TO DATE WE HAVE RAISED OVER $128,000!",https://www.eventeny.com/events/schedule/?id=23176&session=107287
107288,Closing Ceremonies,"September 6, 2026",Sun,4:00 PM,4:45 PM,2026-09-06T16:00:00,2026-09-06T16:45:00,America/New_York,Union Ballroom,Main Events 1,Event,,active,See how we did this year and maybe a sneak peak of what's coming next year!,https://www.eventeny.com/events/schedule/?id=23176&session=107288
